date,store_id,sales
2021-01-01,S001,99.53
2021-01-01,S002,64.91
2021-01-01,S003,104.37
2021-01-02,S001,109.6
2021-01-02,S002,70.17
2021-01-02,S003,151.54
2021-01-03,S001,116.04
2021-01-03,S002,76.18
2021-01-03,S003,148.21
2021-01-04,S001,108.2
2021-01-04,S002,58.34
2021-01-04,S003,112.24
2021-01-05,S001,94.3
2021-01-05,S002,63.67
2021-01-05,S003,109.78
2021-01-06,S001,94.48
2021-01-06,S002,76.71
2021-01-06,S003,110.91
2021-01-07,S001,109.16
2021-01-07,S002,63.39
2021-01-07,S003,131.87
2021-01-08,S001,102.86
2021-01-08,S002,63.56
2021-01-08,S003,132.89
2021-01-09,S001,108.15
2021-01-09,S002,81.62
2021-01-09,S003,134.76
2021-01-10,S001,116.45
2021-01-10,S002,78.69
2021-01-10,S003,146.38
2021-01-11,S001,93.61
2021-01-11,S002,66.58
2021-01-11,S003,128.89
2021-01-12,S001,93.81
2021-01-12,S002,71.64
2021-01-12,S003,124.93
2021-01-13,S001,99.69
2021-01-13,S002,74.59
2021-01-13,S003,135.88
2021-01-14,S001,82.68
2021-01-14,S002,75.75
2021-01-14,S003,118.73
2021-01-15,S001,84.42
2021-01-15,S002,84.39
2021-01-15,S003,137.82
2021-01-16,S001,108.96
2021-01-16,S002,87.71
2021-01-16,S003,138.08
2021-01-17,S001,105.6
2021-01-17,S002,101.26
2021-01-17,S003,158.44
2021-01-18,S001,101.48
2021-01-18,S002,62.41
2021-01-18,S003,121.43
2021-01-19,S001,91.96
2021-01-19,S002,85.59
2021-01-19,S003,126.95
2021-01-20,S001,88.19
2021-01-20,S002,66.07
2021-01-20,S003,130.53
2021-01-21,S001,111.49
2021-01-21,S002,67.11
2021-01-21,S003,130.78
2021-01-22,S001,98.24
2021-01-22,S002,68.66
2021-01-22,S003,134.6
2021-01-23,S001,115.87
2021-01-23,S002,83.14
2021-01-23,S003,135.7
2021-01-24,S001,104.22
2021-01-24,S002,85.85
2021-01-24,S003,146.01
2021-01-25,S001,96.57
2021-01-25,S002,65.8
2021-01-25,S003,132.75
2021-01-26,S001,102.11
2021-01-26,S002,77.37
2021-01-26,S003,127.75
2021-01-27,S001,92.33
2021-01-27,S002,66.59
2021-01-27,S003,135.55
2021-01-28,S001,104.86
2021-01-28,S002,76.56
2021-01-28,S003,121.89
2021-01-29,S001,97.37
2021-01-29,S002,83.84
2021-01-29,S003,130.4
2021-01-30,S001,115.17
2021-01-30,S002,84.07
2021-01-30,S003,142.35
2021-01-31,S001,113.02
2021-01-31,S002,93.59
2021-01-31,S003,146.15
2021-02-01,S001,117.99
2021-02-01,S002,77.03
2021-02-01,S003,145.68
2021-02-02,S001,103.41
2021-02-02,S002,90.9
2021-02-02,S003,146.21
2021-02-03,S001,95.41
2021-02-03,S002,69.17
2021-02-03,S003,145.02
2021-02-04,S001,110.8
2021-02-04,S002,79.9
2021-02-04,S003,131.54
2021-02-05,S001,94.82
2021-02-05,S002,60.88
2021-02-05,S003,142.89
2021-02-06,S001,121.62
2021-02-06,S002,85.26
2021-02-06,S003,151.93
2021-02-07,S001,104.64
2021-02-07,S002,92.41
2021-02-07,S003,151.79
2021-02-08,S001,95.07
2021-02-08,S002,86.08
2021-02-08,S003,136.21
2021-02-09,S001,107.65
2021-02-09,S002,65.49
2021-02-09,S003,151.31
2021-02-10,S001,112.37
2021-02-10,S002,81.95
2021-02-10,S003,148.58
2021-02-11,S001,108.22
2021-02-11,S002,75.52
2021-02-11,S003,144.04
2021-02-12,S001,106.32
2021-02-12,S002,64.23
2021-02-12,S003,137.14
2021-02-13,S001,120.23
2021-02-13,S002,93.23
2021-02-13,S003,154.25
2021-02-14,S001,111.21
2021-02-14,S002,105.83
2021-02-14,S003,158.61
2021-02-15,S001,102.69
2021-02-15,S002,68.58
2021-02-15,S003,135.62
2021-02-16,S001,105.17
2021-02-16,S002,77.06
2021-02-16,S003,147.74
2021-02-17,S001,117.73
2021-02-17,S002,70.44
2021-02-17,S003,133.31
2021-02-18,S001,112.44
2021-02-18,S002,74.98
2021-02-18,S003,144.27
2021-02-19,S001,96.01
2021-02-19,S002,90.59
2021-02-19,S003,123.27
2021-02-20,S001,128.13
2021-02-20,S002,92.37
2021-02-20,S003,152.63
2021-02-21,S001,122.89
2021-02-21,S002,106.16
2021-02-21,S003,174.12
2021-02-22,S001,105.99
2021-02-22,S002,89.23
2021-02-22,S003,151.25
2021-02-23,S001,116.73
2021-02-23,S002,77.88
2021-02-23,S003,155.71
2021-02-24,S001,120.52
2021-02-24,S002,77.18
2021-02-24,S003,138.56
2021-02-25,S001,120.17
2021-02-25,S002,74.45
2021-02-25,S003,145.2
2021-02-26,S001,106.45
2021-02-26,S002,74.6
2021-02-26,S003,155.1
2021-02-27,S001,126.14
2021-02-27,S002,100.3
2021-02-27,S003,165.39
2021-02-28,S001,131.71
2021-02-28,S002,97.75
2021-02-28,S003,164.87
2021-03-01,S001,122.32
2021-03-01,S002,78.35
2021-03-01,S003,159.33
2021-03-02,S001,111.14
2021-03-02,S002,71.38
2021-03-02,S003,138.45
2021-03-03,S001,113.95
2021-03-03,S002,85.06
2021-03-03,S003,145.79
2021-03-04,S001,107.04
2021-03-04,S002,80.9
2021-03-04,S003,133.72
2021-03-05,S001,106.79
2021-03-05,S002,83.53
2021-03-05,S003,139.48
2021-03-06,S001,138.32
2021-03-06,S002,102.98
2021-03-06,S003,172.33
2021-03-07,S001,143.14
2021-03-07,S002,80.97
2021-03-07,S003,156.9
2021-03-08,S001,117.18
2021-03-08,S002,74.17
2021-03-08,S003,155.62
2021-03-09,S001,126.25
2021-03-09,S002,105.26
2021-03-09,S003,163.5
2021-03-10,S001,121.59
2021-03-10,S002,83.28
2021-03-10,S003,149.31
2021-03-11,S001,114.01
2021-03-11,S002,67.65
2021-03-11,S003,155.4
2021-03-12,S001,122.54
2021-03-12,S002,76.65
2021-03-12,S003,157.69
2021-03-13,S001,147.42
2021-03-13,S002,123.58
2021-03-13,S003,157.48
2021-03-14,S001,135.31
2021-03-14,S002,98.53
2021-03-14,S003,162.83
2021-03-15,S001,133.59
2021-03-15,S002,98.89
2021-03-15,S003,145.23
2021-03-16,S001,100.59
2021-03-16,S002,91.04
2021-03-16,S003,149.48
2021-03-17,S001,128.61
2021-03-17,S002,86.65
2021-03-17,S003,160.01
2021-03-18,S001,123.21
2021-03-18,S002,97.19
2021-03-18,S003,150.03
2021-03-19,S001,120.6
2021-03-19,S002,72.38
2021-03-19,S003,155.02
2021-03-20,S001,139.2
2021-03-20,S002,95.38
2021-03-20,S003,162.47
2021-03-21,S001,123.05
2021-03-21,S002,103.43
2021-03-21,S003,181.13
2021-03-22,S001,122.67
2021-03-22,S002,82.09
2021-03-22,S003,152.47
2021-03-23,S001,127.77
2021-03-23,S002,88.64
2021-03-23,S003,169.52
2021-03-24,S001,137.21
2021-03-24,S002,100.58
2021-03-24,S003,158.34
2021-03-25,S001,121.72
2021-03-25,S002,95.27
2021-03-25,S003,147.1
2021-03-26,S001,119.88
2021-03-26,S002,
2021-03-26,S003,157.5
2021-03-27,S001,137.81
2021-03-27,S002,111.69
2021-03-27,S003,165.87
2021-03-28,S001,149.63
2021-03-28,S002,118.52
2021-03-28,S003,179.6
2021-03-29,S001,130.41
2021-03-29,S002,95.53
2021-03-29,S003,158.3
2021-03-30,S001,124.02
2021-03-30,S002,91.77
2021-03-30,S003,162.2
2021-03-31,S001,132.84
2021-03-31,S002,108.79
2021-03-31,S003,158.44
2021-04-01,S001,129.98
2021-04-01,S002,91.73
2021-04-01,S003,157.46
2021-04-02,S001,137.42
2021-04-02,S002,100.6
2021-04-02,S003,154.62
2021-04-03,S001,139.53
2021-04-03,S002,119.46
2021-04-03,S003,184.59
2021-04-04,S001,142.99
2021-04-04,S002,120.48
2021-04-04,S003,177.02
2021-04-05,S001,127.94
2021-04-05,S002,89.88
2021-04-05,S003,161.38
2021-04-06,S001,119.84
2021-04-06,S002,108.06
2021-04-06,S003,162.81
2021-04-07,S001,134.38
2021-04-07,S002,92.26
2021-04-07,S003,159.46
2021-04-08,S001,134.56
2021-04-08,S002,107.01
2021-04-08,S003,162.89
2021-04-09,S001,132.97
2021-04-09,S002,105.25
2021-04-09,S003,167.51
2021-04-10,S001,146.51
2021-04-10,S002,122.95
2021-04-10,S003,173.08
2021-04-11,S001,137.51
2021-04-11,S002,107.2
2021-04-11,S003,174.72
2021-04-12,S001,130.92
2021-04-12,S002,106.97
2021-04-12,S003,178.34
2021-04-13,S001,131.99
2021-04-13,S002,111.38
2021-04-13,S003,164.89
2021-04-14,S001,128.76
2021-04-14,S002,104.67
2021-04-14,S003,163.86
2021-04-15,S001,134.33
2021-04-15,S002,96.99
2021-04-15,S003,157.99
2021-04-16,S001,139.29
2021-04-16,S002,111.32
2021-04-16,S003,176.02
2021-04-17,S001,166.59
2021-04-17,S002,120.29
2021-04-17,S003,176.23
2021-04-18,S001,153.33
2021-04-18,S002,106.4
2021-04-18,S003,185.02
2021-04-19,S001,139.42
2021-04-19,S002,98.03
2021-04-19,S003,156.94
2021-04-20,S001,137.19
2021-04-20,S002,101.4
2021-04-20,S003,177.6
2021-04-21,S001,122.86
2021-04-21,S002,118.06
2021-04-21,S003,180.92
2021-04-22,S001,138.42
2021-04-22,S002,117.05
2021-04-22,S003,175.83
2021-04-23,S001,139.52
2021-04-23,S002,117.42
2021-04-23,S003,160.13
2021-04-24,S001,174.16
2021-04-24,S002,124.05
2021-04-24,S003,194.55
2021-04-25,S001,153.32
2021-04-25,S002,129.89
2021-04-25,S003,181.66
2021-04-26,S001,142.67
2021-04-26,S002,98.84
2021-04-26,S003,164.34
2021-04-27,S001,140.38
2021-04-27,S002,108.39
2021-04-27,S003,171.07
2021-04-28,S001,131.7
2021-04-28,S002,112.33
2021-04-28,S003,171.34
2021-04-29,S001,150.58
2021-04-29,S002,100.48
2021-04-29,S003,170.94
2021-04-30,S001,147.84
2021-04-30,S002,111.13
2021-04-30,S003,185.59
2021-05-01,S001,163.53
2021-05-01,S002,138.3
2021-05-01,S003,206.9
2021-05-02,S001,150.31
2021-05-02,S002,129.63
2021-05-02,S003,180.26
2021-05-03,S001,154.17
2021-05-03,S002,117.85
2021-05-03,S003,171.1
2021-05-04,S001,132.1
2021-05-04,S002,91.24
2021-05-04,S003,178.15
2021-05-05,S001,148.37
2021-05-05,S002,123.66
2021-05-05,S003,174.29
2021-05-06,S001,161.56
2021-05-06,S002,110.04
2021-05-06,S003,180.98
2021-05-07,S001,136.46
2021-05-07,S002,105.71
2021-05-07,S003,185.49
2021-05-08,S001,155.2
2021-05-08,S002,125.79
2021-05-08,S003,199.53
2021-05-09,S001,160.86
2021-05-09,S002,115.62
2021-05-09,S003,198.78
2021-05-10,S001,141.37
2021-05-10,S002,121.2
2021-05-10,S003,192.54
2021-05-11,S001,133.32
2021-05-11,S002,110.44
2021-05-11,S003,166.91
2021-05-12,S001,146.6
2021-05-12,S002,107.52
2021-05-12,S003,191.82
2021-05-13,S001,137.87
2021-05-13,S002,112.38
2021-05-13,S003,177.02
2021-05-14,S001,150.46
2021-05-14,S002,122.96
2021-05-14,S003,186.95
2021-05-15,S001,154.62
2021-05-15,S002,130.35
2021-05-15,S003,187.76
2021-05-16,S001,174.68
2021-05-16,S002,118.3
2021-05-16,S003,189.06
2021-05-17,S001,141.3
2021-05-17,S002,118.57
2021-05-17,S003,186.95
2021-05-18,S001,145.28
2021-05-18,S002,107.68
2021-05-18,S003,166.54
2021-05-19,S001,154.64
2021-05-19,S002,98.13
2021-05-19,S003,190.19
2021-05-20,S001,138.56
2021-05-20,S002,127.6
2021-05-20,S003,192.66
2021-05-21,S001,150.5
2021-05-21,S002,119.54
2021-05-21,S003,184.3
2021-05-22,S001,174.4
2021-05-22,S002,130.49
2021-05-22,S003,199.3
2021-05-23,S001,151.33
2021-05-23,S002,128.59
2021-05-23,S003,191.78
2021-05-24,S001,150.92
2021-05-24,S002,127.76
2021-05-24,S003,189.13
2021-05-25,S001,151.76
2021-05-25,S002,141.5
2021-05-25,S003,186.78
2021-05-26,S001,156.17
2021-05-26,S002,120.61
2021-05-26,S003,176.9
2021-05-27,S001,140.25
2021-05-27,S002,108.99
2021-05-27,S003,181.39
2021-05-28,S001,139.8
2021-05-28,S002,116.19
2021-05-28,S003,183.5
2021-05-29,S001,169.76
2021-05-29,S002,136.07
2021-05-29,S003,196.88
2021-05-30,S001,168.16
2021-05-30,S002,114.01
2021-05-30,S003,189.36
2021-05-31,S001,152.99
2021-05-31,S002,120.67
2021-05-31,S003,191.08
2021-06-01,S001,153.95
2021-06-01,S002,121.65
2021-06-01,S003,183.76
2021-06-02,S001,145.93
2021-06-02,S002,128.94
2021-06-02,S003,186.05
2021-06-03,S001,153.41
2021-06-03,S002,128.27
2021-06-03,S003,181.51
2021-06-04,S001,154.07
2021-06-04,S002,119.53
2021-06-04,S003,190.14
2021-06-05,S001,161.17
2021-06-05,S002,145.9
2021-06-05,S003,203.13
2021-06-06,S001,181.97
2021-06-06,S002,150.21
2021-06-06,S003,211.43
2021-06-07,S001,155.99
2021-06-07,S002,119.28
2021-06-07,S003,190.75
2021-06-08,S001,142.81
2021-06-08,S002,122.53
2021-06-08,S003,185.46
2021-06-09,S001,157.73
2021-06-09,S002,105.16
2021-06-09,S003,181.33
2021-06-10,S001,144.81
2021-06-10,S002,107.8
2021-06-10,S003,194.34
2021-06-11,S001,159.03
2021-06-11,S002,112.8
2021-06-11,S003,185.3
2021-06-12,S001,177.11
2021-06-12,S002,131.06
2021-06-12,S003,201.33
2021-06-13,S001,161.39
2021-06-13,S002,125.92
2021-06-13,S003,201.47
2021-06-14,S001,160.76
2021-06-14,S002,119.48
2021-06-14,S003,184.76
2021-06-15,S001,156.45
2021-06-15,S002,116.54
2021-06-15,S003,186.86
2021-06-16,S001,159.81
2021-06-16,S002,128.48
2021-06-16,S003,203.62
2021-06-17,S001,168.48
2021-06-17,S002,116.17
2021-06-17,S003,179.94
2021-06-18,S001,151.42
2021-06-18,S002,101.73
2021-06-18,S003,181.9
2021-06-19,S001,162.41
2021-06-19,S002,136.07
2021-06-19,S003,214.59
2021-06-20,S001,161.38
2021-06-20,S002,134.99
2021-06-20,S003,200.6
2021-06-21,S001,147.02
2021-06-21,S002,113.23
2021-06-21,S003,185.07
2021-06-22,S001,152.97
2021-06-22,S002,120.91
2021-06-22,S003,197.03
2021-06-23,S001,156.35
2021-06-23,S002,111.56
2021-06-23,S003,177.45
2021-06-24,S001,155.86
2021-06-24,S002,122.81
2021-06-24,S003,195.44
2021-06-25,S001,160.29
2021-06-25,S002,141.23
2021-06-25,S003,189.28
2021-06-26,S001,168.78
2021-06-26,S002,120.72
2021-06-26,S003,207.68
2021-06-27,S001,180.31
2021-06-27,S002,131.01
2021-06-27,S003,
2021-06-28,S001,151.56
2021-06-28,S002,114.71
2021-06-28,S003,184.0
2021-06-29,S001,175.43
2021-06-29,S002,116.63
2021-06-29,S003,197.45
2021-06-30,S001,158.66
2021-06-30,S002,128.21
2021-06-30,S003,184.65
2021-07-01,S001,146.77
2021-07-01,S002,124.35
2021-07-01,S003,192.33
2021-07-02,S001,145.03
2021-07-02,S002,126.75
2021-07-02,S003,198.96
2021-07-03,S001,172.42
2021-07-03,S002,135.14
2021-07-03,S003,215.08
2021-07-04,S001,166.72
2021-07-04,S002,124.25
2021-07-04,S003,201.89
2021-07-05,S001,159.17
2021-07-05,S002,110.84
2021-07-05,S003,192.71
2021-07-06,S001,
2021-07-06,S002,125.65
2021-07-06,S003,186.1
2021-07-07,S001,152.74
2021-07-07,S002,120.95
2021-07-07,S003,208.97
2021-07-08,S001,146.48
2021-07-08,S002,129.57
2021-07-08,S003,195.13
2021-07-09,S001,141.05
2021-07-09,S002,121.74
2021-07-09,S003,189.51
2021-07-10,S001,164.51
2021-07-10,S002,124.82
2021-07-10,S003,206.28
2021-07-11,S001,174.83
2021-07-11,S002,129.99
2021-07-11,S003,206.97
2021-07-12,S001,154.59
2021-07-12,S002,123.56
2021-07-12,S003,192.13
2021-07-13,S001,142.8
2021-07-13,S002,124.59
2021-07-13,S003,186.64
2021-07-14,S001,154.04
2021-07-14,S002,125.61
2021-07-14,S003,185.32
2021-07-15,S001,155.61
2021-07-15,S002,110.24
2021-07-15,S003,187.16
2021-07-16,S001,145.33
2021-07-16,S002,108.87
2021-07-16,S003,179.16
2021-07-17,S001,168.49
2021-07-17,S002,131.8
2021-07-17,S003,208.92
2021-07-18,S001,167.58
2021-07-18,S002,144.68
2021-07-18,S003,196.64
2021-07-19,S001,142.82
2021-07-19,S002,112.44
2021-07-19,S003,179.46
2021-07-20,S001,154.67
2021-07-20,S002,121.45
2021-07-20,S003,187.7
2021-07-21,S001,156.13
2021-07-21,S002,121.27
2021-07-21,S003,186.64
2021-07-22,S001,160.14
2021-07-22,S002,123.52
2021-07-22,S003,189.53
2021-07-23,S001,159.73
2021-07-23,S002,130.56
2021-07-23,S003,182.85
2021-07-24,S001,155.1
2021-07-24,S002,144.53
2021-07-24,S003,199.1
2021-07-25,S001,158.43
2021-07-25,S002,127.07
2021-07-25,S003,207.62
2021-07-26,S001,154.86
2021-07-26,S002,99.83
2021-07-26,S003,191.96
2021-07-27,S001,154.64
2021-07-27,S002,110.97
2021-07-27,S003,191.46
2021-07-28,S001,154.45
2021-07-28,S002,116.77
2021-07-28,S003,186.84
2021-07-29,S001,180.94
2021-07-29,S002,113.04
2021-07-29,S003,187.74
2021-07-30,S001,154.46
2021-07-30,S002,131.44
2021-07-30,S003,188.04
2021-07-31,S001,173.76
2021-07-31,S002,130.6
2021-07-31,S003,195.75
2021-08-01,S001,172.07
2021-08-01,S002,135.43
2021-08-01,S003,212.59
2021-08-02,S001,154.42
2021-08-02,S002,116.68
2021-08-02,S003,196.25
2021-08-03,S001,146.44
2021-08-03,S002,111.91
2021-08-03,S003,191.74
2021-08-04,S001,154.79
2021-08-04,S002,99.02
2021-08-04,S003,181.76
2021-08-05,S001,142.29
2021-08-05,S002,113.52
2021-08-05,S003,189.26
2021-08-06,S001,146.32
2021-08-06,S002,139.91
2021-08-06,S003,192.55
2021-08-07,S001,159.07
2021-08-07,S002,118.63
2021-08-07,S003,189.7
2021-08-08,S001,163.34
2021-08-08,S002,113.78
2021-08-08,S003,212.81
2021-08-09,S001,165.93
2021-08-09,S002,128.5
2021-08-09,S003,170.1
2021-08-10,S001,132.2
2021-08-10,S002,118.65
2021-08-10,S003,189.4
2021-08-11,S001,152.34
2021-08-11,S002,113.91
2021-08-11,S003,195.14
2021-08-12,S001,133.66
2021-08-12,S002,123.01
2021-08-12,S003,182.35
2021-08-13,S001,142.5
2021-08-13,S002,105.14
2021-08-13,S003,181.79
2021-08-14,S001,169.69
2021-08-14,S002,125.63
2021-08-14,S003,203.07
2021-08-15,S001,161.19
2021-08-15,S002,133.8
2021-08-15,S003,212.27
2021-08-16,S001,136.75
2021-08-16,S002,127.72
2021-08-16,S003,179.94
2021-08-17,S001,139.35
2021-08-17,S002,101.16
2021-08-17,S003,175.66
2021-08-18,S001,150.19
2021-08-18,S002,120.42
2021-08-18,S003,178.24
2021-08-19,S001,138.6
2021-08-19,S002,112.89
2021-08-19,S003,168.92
2021-08-20,S001,145.85
2021-08-20,S002,110.8
2021-08-20,S003,188.23
2021-08-21,S001,159.16
2021-08-21,S002,124.09
2021-08-21,S003,191.64
2021-08-22,S001,153.26
2021-08-22,S002,112.73
2021-08-22,S003,193.79
2021-08-23,S001,160.29
2021-08-23,S002,116.16
2021-08-23,S003,187.44
2021-08-24,S001,147.88
2021-08-24,S002,101.85
2021-08-24,S003,176.84
2021-08-25,S001,126.27
2021-08-25,S002,99.11
2021-08-25,S003,185.62
2021-08-26,S001,143.62
2021-08-26,S002,114.47
2021-08-26,S003,170.93
2021-08-27,S001,136.49
2021-08-27,S002,113.34
2021-08-27,S003,186.59
2021-08-28,S001,163.26
2021-08-28,S002,122.29
2021-08-28,S003,196.34
2021-08-29,S001,149.75
2021-08-29,S002,129.92
2021-08-29,S003,192.58
2021-08-30,S001,139.82
2021-08-30,S002,117.32
2021-08-30,S003,179.01
2021-08-31,S001,144.42
2021-08-31,S002,116.01
2021-08-31,S003,167.35
2021-09-01,S001,146.95
2021-09-01,S002,100.94
2021-09-01,S003,178.18
2021-09-02,S001,130.06
2021-09-02,S002,112.9
2021-09-02,S003,175.85
2021-09-03,S001,136.63
2021-09-03,S002,106.1
2021-09-03,S003,166.58
2021-09-04,S001,150.14
2021-09-04,S002,132.83
2021-09-04,S003,185.95
2021-09-05,S001,148.35
2021-09-05,S002,117.64
2021-09-05,S003,189.95
2021-09-06,S001,152.33
2021-09-06,S002,100.39
2021-09-06,S003,170.79
2021-09-07,S001,141.08
2021-09-07,S002,97.95
2021-09-07,S003,156.01
2021-09-08,S001,127.38
2021-09-08,S002,103.98
2021-09-08,S003,183.58
2021-09-09,S001,
2021-09-09,S002,105.81
2021-09-09,S003,173.49
2021-09-10,S001,153.7
2021-09-10,S002,105.57
2021-09-10,S003,156.09
2021-09-11,S001,159.61
2021-09-11,S002,119.08
2021-09-11,S003,206.02
2021-09-12,S001,138.81
2021-09-12,S002,121.26
2021-09-12,S003,198.52
2021-09-13,S001,131.72
2021-09-13,S002,98.71
2021-09-13,S003,170.45
2021-09-14,S001,145.35
2021-09-14,S002,93.12
2021-09-14,S003,166.16
2021-09-15,S001,129.18
2021-09-15,S002,92.02
2021-09-15,S003,175.77
2021-09-16,S001,138.01
2021-09-16,S002,107.1
2021-09-16,S003,173.82
2021-09-17,S001,140.28
2021-09-17,S002,102.66
2021-09-17,S003,176.19
2021-09-18,S001,141.28
2021-09-18,S002,98.65
2021-09-18,S003,179.78
2021-09-19,S001,147.84
2021-09-19,S002,121.87
2021-09-19,S003,194.93
2021-09-20,S001,107.01
2021-09-20,S002,112.74
2021-09-20,S003,167.01
2021-09-21,S001,124.36
2021-09-21,S002,91.57
2021-09-21,S003,175.89
2021-09-22,S001,130.16
2021-09-22,S002,99.59
2021-09-22,S003,163.72
2021-09-23,S001,121.82
2021-09-23,S002,92.71
2021-09-23,S003,190.93
2021-09-24,S001,144.48
2021-09-24,S002,101.13
2021-09-24,S003,174.96
2021-09-25,S001,134.6
2021-09-25,S002,101.37
2021-09-25,S003,207.13
2021-09-26,S001,142.14
2021-09-26,S002,109.73
2021-09-26,S003,190.32
2021-09-27,S001,131.33
2021-09-27,S002,102.76
2021-09-27,S003,163.87
2021-09-28,S001,141.44
2021-09-28,S002,104.4
2021-09-28,S003,174.65
2021-09-29,S001,118.05
2021-09-29,S002,97.53
2021-09-29,S003,174.87
2021-09-30,S001,138.47
2021-09-30,S002,91.01
2021-09-30,S003,170.31
2021-10-01,S001,128.87
2021-10-01,S002,80.59
2021-10-01,S003,172.02
2021-10-02,S001,135.57
2021-10-02,S002,101.88
2021-10-02,S003,187.73
2021-10-03,S001,146.75
2021-10-03,S002,103.79
2021-10-03,S003,173.35
2021-10-04,S001,129.27
2021-10-04,S002,86.58
2021-10-04,S003,157.44
2021-10-05,S001,122.51
2021-10-05,S002,92.25
2021-10-05,S003,159.27
2021-10-06,S001,127.51
2021-10-06,S002,88.66
2021-10-06,S003,166.31
2021-10-07,S001,123.51
2021-10-07,S002,92.39
2021-10-07,S003,163.17
2021-10-08,S001,127.14
2021-10-08,S002,100.25
2021-10-08,S003,156.82
2021-10-09,S001,146.17
2021-10-09,S002,102.0
2021-10-09,S003,185.5
2021-10-10,S001,153.2
2021-10-10,S002,93.81
2021-10-10,S003,181.24
2021-10-11,S001,115.26
2021-10-11,S002,83.89
2021-10-11,S003,165.0
2021-10-12,S001,141.88
2021-10-12,S002,93.8
2021-10-12,S003,161.27
2021-10-13,S001,108.85
2021-10-13,S002,94.19
2021-10-13,S003,159.99
2021-10-14,S001,122.91
2021-10-14,S002,91.65
2021-10-14,S003,155.97
2021-10-15,S001,128.49
2021-10-15,S002,98.45
2021-10-15,S003,169.86
2021-10-16,S001,140.69
2021-10-16,S002,101.19
2021-10-16,S003,171.45
2021-10-17,S001,133.13
2021-10-17,S002,118.74
2021-10-17,S003,178.45
2021-10-18,S001,121.11
2021-10-18,S002,93.52
2021-10-18,S003,174.77
2021-10-19,S001,118.5
2021-10-19,S002,66.44
2021-10-19,S003,158.52
2021-10-20,S001,117.41
2021-10-20,S002,100.69
2021-10-20,S003,168.57
2021-10-21,S001,128.6
2021-10-21,S002,79.81
2021-10-21,S003,165.14
2021-10-22,S001,124.34
2021-10-22,S002,77.33
2021-10-22,S003,162.8
2021-10-23,S001,130.63
2021-10-23,S002,104.46
2021-10-23,S003,178.47
2021-10-24,S001,143.06
2021-10-24,S002,86.04
2021-10-24,S003,173.98
2021-10-25,S001,123.02
2021-10-25,S002,79.05
2021-10-25,S003,159.75
2021-10-26,S001,126.76
2021-10-26,S002,96.75
2021-10-26,S003,154.81
2021-10-27,S001,125.0
2021-10-27,S002,88.43
2021-10-27,S003,159.26
2021-10-28,S001,113.04
2021-10-28,S002,90.17
2021-10-28,S003,153.99
2021-10-29,S001,114.9
2021-10-29,S002,78.11
2021-10-29,S003,166.46
2021-10-30,S001,140.08
2021-10-30,S002,85.75
2021-10-30,S003,159.56
2021-10-31,S001,138.7
2021-10-31,S002,103.42
2021-10-31,S003,176.76
2021-11-01,S001,118.38
2021-11-01,S002,89.91
2021-11-01,S003,160.36
2021-11-02,S001,119.22
2021-11-02,S002,89.26
2021-11-02,S003,159.4
2021-11-03,S001,128.24
2021-11-03,S002,83.57
2021-11-03,S003,165.39
2021-11-04,S001,113.03
2021-11-04,S002,73.88
2021-11-04,S003,154.68
2021-11-05,S001,121.88
2021-11-05,S002,100.85
2021-11-05,S003,158.79
2021-11-06,S001,130.64
2021-11-06,S002,99.92
2021-11-06,S003,157.8
2021-11-07,S001,130.27
2021-11-07,S002,94.42
2021-11-07,S003,167.99
2021-11-08,S001,125.57
2021-11-08,S002,79.2
2021-11-08,S003,162.95
2021-11-09,S001,123.15
2021-11-09,S002,81.5
2021-11-09,S003,145.19
2021-11-10,S001,122.83
2021-11-10,S002,88.62
2021-11-10,S003,156.99
2021-11-11,S001,126.55
2021-11-11,S002,81.34
2021-11-11,S003,150.1
2021-11-12,S001,116.06
2021-11-12,S002,86.46
2021-11-12,S003,154.45
2021-11-13,S001,136.13
2021-11-13,S002,95.57
2021-11-13,S003,165.22
2021-11-14,S001,127.99
2021-11-14,S002,
2021-11-14,S003,160.01
2021-11-15,S001,117.87
2021-11-15,S002,84.05
2021-11-15,S003,157.91
2021-11-16,S001,114.05
2021-11-16,S002,
2021-11-16,S003,154.26
2021-11-17,S001,115.68
2021-11-17,S002,77.15
2021-11-17,S003,159.41
2021-11-18,S001,119.49
2021-11-18,S002,72.32
2021-11-18,S003,160.71
2021-11-19,S001,108.01
2021-11-19,S002,80.85
2021-11-19,S003,164.02
2021-11-20,S001,146.13
2021-11-20,S002,93.56
2021-11-20,S003,170.15
2021-11-21,S001,121.19
2021-11-21,S002,88.32
2021-11-21,S003,179.1
2021-11-22,S001,104.37
2021-11-22,S002,70.84
2021-11-22,S003,146.03
2021-11-23,S001,123.2
2021-11-23,S002,80.7
2021-11-23,S003,160.99
2021-11-24,S001,180.13
2021-11-24,S002,141.66
2021-11-24,S003,217.28
2021-11-25,S001,178.66
2021-11-25,S002,134.23
2021-11-25,S003,215.37
2021-11-26,S001,178.57
2021-11-26,S002,132.32
2021-11-26,S003,216.97
2021-11-27,S001,188.32
2021-11-27,S002,145.18
2021-11-27,S003,220.64
2021-11-28,S001,121.13
2021-11-28,S002,94.75
2021-11-28,S003,158.67
2021-11-29,S001,113.81
2021-11-29,S002,70.13
2021-11-29,S003,166.84
2021-11-30,S001,107.69
2021-11-30,S002,94.38
2021-11-30,S003,151.75
2021-12-01,S001,120.82
2021-12-01,S002,73.05
2021-12-01,S003,151.57
2021-12-02,S001,111.75
2021-12-02,S002,56.83
2021-12-02,S003,144.16
2021-12-03,S001,106.25
2021-12-03,S002,75.89
2021-12-03,S003,141.08
2021-12-04,S001,125.21
2021-12-04,S002,90.46
2021-12-04,S003,167.19
2021-12-05,S001,131.02
2021-12-05,S002,99.85
2021-12-05,S003,165.13
2021-12-06,S001,108.16
2021-12-06,S002,78.19
2021-12-06,S003,152.85
2021-12-07,S001,106.04
2021-12-07,S002,69.15
2021-12-07,S003,153.51
2021-12-08,S001,114.52
2021-12-08,S002,73.46
2021-12-08,S003,172.72
2021-12-09,S001,114.5
2021-12-09,S002,78.32
2021-12-09,S003,150.09
2021-12-10,S001,108.46
2021-12-10,S002,58.34
2021-12-10,S003,165.44
2021-12-11,S001,123.73
2021-12-11,S002,101.32
2021-12-11,S003,180.95
2021-12-12,S001,129.34
2021-12-12,S002,83.93
2021-12-12,S003,173.86
2021-12-13,S001,100.89
2021-12-13,S002,86.89
2021-12-13,S003,150.98
2021-12-14,S001,101.22
2021-12-14,S002,78.68
2021-12-14,S003,142.0
2021-12-15,S001,106.74
2021-12-15,S002,80.57
2021-12-15,S003,156.75
2021-12-16,S001,110.8
2021-12-16,S002,84.72
2021-12-16,S003,161.13
2021-12-17,S001,115.02
2021-12-17,S002,80.12
2021-12-17,S003,167.01
2021-12-18,S001,139.37
2021-12-18,S002,95.93
2021-12-18,S003,160.49
2021-12-19,S001,134.46
2021-12-19,S002,89.25
2021-12-19,S003,166.22
2021-12-20,S001,151.37
2021-12-20,S002,118.57
2021-12-20,S003,185.69
2021-12-21,S001,152.55
2021-12-21,S002,110.92
2021-12-21,S003,188.26
2021-12-22,S001,144.75
2021-12-22,S002,112.92
2021-12-22,S003,198.73
2021-12-23,S001,152.69
2021-12-23,S002,131.43
2021-12-23,S003,188.08
2021-12-24,S001,110.6
2021-12-24,S002,69.31
2021-12-24,S003,147.03
2021-12-25,S001,130.58
2021-12-25,S002,92.07
2021-12-25,S003,175.11
2021-12-26,S001,121.47
2021-12-26,S002,91.81
2021-12-26,S003,172.46
2021-12-27,S001,117.34
2021-12-27,S002,73.5
2021-12-27,S003,156.78
2021-12-28,S001,125.55
2021-12-28,S002,80.19
2021-12-28,S003,148.9
2021-12-29,S001,112.53
2021-12-29,S002,80.88
2021-12-29,S003,164.61
2021-12-30,S001,116.74
2021-12-30,S002,68.86
2021-12-30,S003,154.53
2021-12-31,S001,119.17
2021-12-31,S002,77.18
2021-12-31,S003,173.61
2022-01-01,S001,125.6
2022-01-01,S002,82.85
2022-01-01,S003,171.05
2022-01-02,S001,130.75
2022-01-02,S002,97.94
2022-01-02,S003,151.27
2022-01-03,S001,114.2
2022-01-03,S002,78.18
2022-01-03,S003,136.09
2022-01-04,S001,115.04
2022-01-04,S002,77.56
2022-01-04,S003,160.29
2022-01-05,S001,108.24
2022-01-05,S002,82.32
2022-01-05,S003,165.9
2022-01-06,S001,114.8
2022-01-06,S002,75.0
2022-01-06,S003,149.43
2022-01-07,S001,118.76
2022-01-07,S002,84.67
2022-01-07,S003,172.72
2022-01-08,S001,141.58
2022-01-08,S002,84.94
2022-01-08,S003,184.43
2022-01-09,S001,137.83
2022-01-09,S002,104.0
2022-01-09,S003,173.04
2022-01-10,S001,132.59
2022-01-10,S002,73.47
2022-01-10,S003,160.9
2022-01-11,S001,109.43
2022-01-11,S002,64.5
2022-01-11,S003,163.98
2022-01-12,S001,122.76
2022-01-12,S002,75.64
2022-01-12,S003,172.18
2022-01-13,S001,117.47
2022-01-13,S002,74.93
2022-01-13,S003,162.77
2022-01-14,S001,133.75
2022-01-14,S002,75.98
2022-01-14,S003,159.08
2022-01-15,S001,125.0
2022-01-15,S002,95.74
2022-01-15,S003,178.22
2022-01-16,S001,124.99
2022-01-16,S002,102.89
2022-01-16,S003,177.41
2022-01-17,S001,112.16
2022-01-17,S002,77.8
2022-01-17,S003,165.78
2022-01-18,S001,100.22
2022-01-18,S002,74.04
2022-01-18,S003,146.11
2022-01-19,S001,113.27
2022-01-19,S002,70.8
2022-01-19,S003,161.49
2022-01-20,S001,111.67
2022-01-20,S002,76.31
2022-01-20,S003,162.94
2022-01-21,S001,119.22
2022-01-21,S002,65.21
2022-01-21,S003,158.98
2022-01-22,S001,136.03
2022-01-22,S002,89.77
2022-01-22,S003,181.15
2022-01-23,S001,148.59
2022-01-23,S002,105.79
2022-01-23,S003,190.56
2022-01-24,S001,126.48
2022-01-24,S002,74.53
2022-01-24,S003,161.62
2022-01-25,S001,114.56
2022-01-25,S002,86.42
2022-01-25,S003,166.37
2022-01-26,S001,112.29
2022-01-26,S002,71.86
2022-01-26,S003,174.03
2022-01-27,S001,123.72
2022-01-27,S002,96.13
2022-01-27,S003,162.81
2022-01-28,S001,109.54
2022-01-28,S002,96.96
2022-01-28,S003,154.75
2022-01-29,S001,150.08
2022-01-29,S002,102.29
2022-01-29,S003,182.14
2022-01-30,S001,145.19
2022-01-30,S002,113.8
2022-01-30,S003,159.96
2022-01-31,S001,117.33
2022-01-31,S002,86.03
2022-01-31,S003,144.55
2022-02-01,S001,107.72
2022-02-01,S002,89.65
2022-02-01,S003,165.97
2022-02-02,S001,132.6
2022-02-02,S002,93.92
2022-02-02,S003,144.92
2022-02-03,S001,121.2
2022-02-03,S002,85.6
2022-02-03,S003,153.54
2022-02-04,S001,132.38
2022-02-04,S002,72.07
2022-02-04,S003,161.4
2022-02-05,S001,125.08
2022-02-05,S002,106.14
2022-02-05,S003,174.06
2022-02-06,S001,133.4
2022-02-06,S002,96.4
2022-02-06,S003,179.05
2022-02-07,S001,123.61
2022-02-07,S002,82.35
2022-02-07,S003,174.53
2022-02-08,S001,124.32
2022-02-08,S002,88.27
2022-02-08,S003,167.94
2022-02-09,S001,120.72
2022-02-09,S002,90.77
2022-02-09,S003,159.73
2022-02-10,S001,129.69
2022-02-10,S002,87.81
2022-02-10,S003,177.69
2022-02-11,S001,116.56
2022-02-11,S002,92.06
2022-02-11,S003,155.85
2022-02-12,S001,139.35
2022-02-12,S002,96.7
2022-02-12,S003,184.48
2022-02-13,S001,141.85
2022-02-13,S002,102.39
2022-02-13,S003,170.81
2022-02-14,S001,130.41
2022-02-14,S002,94.9
2022-02-14,S003,170.58
2022-02-15,S001,132.39
2022-02-15,S002,102.68
2022-02-15,S003,166.45
2022-02-16,S001,118.11
2022-02-16,S002,105.9
2022-02-16,S003,178.1
2022-02-17,S001,115.25
2022-02-17,S002,92.75
2022-02-17,S003,175.65
2022-02-18,S001,138.16
2022-02-18,S002,96.4
2022-02-18,S003,165.63
2022-02-19,S001,146.02
2022-02-19,S002,120.94
2022-02-19,S003,179.55
2022-02-20,S001,137.8
2022-02-20,S002,100.12
2022-02-20,S003,183.72
2022-02-21,S001,141.63
2022-02-21,S002,95.94
2022-02-21,S003,186.7
2022-02-22,S001,130.58
2022-02-22,S002,97.46
2022-02-22,S003,185.11
2022-02-23,S001,139.52
2022-02-23,S002,103.31
2022-02-23,S003,164.88
2022-02-24,S001,131.07
2022-02-24,S002,83.05
2022-02-24,S003,179.5
2022-02-25,S001,147.46
2022-02-25,S002,85.05
2022-02-25,S003,159.72
2022-02-26,S001,160.46
2022-02-26,S002,108.17
2022-02-26,S003,185.47
2022-02-27,S001,144.87
2022-02-27,S002,111.44
2022-02-27,S003,182.1
2022-02-28,S001,140.09
2022-02-28,S002,102.84
2022-02-28,S003,183.56
2022-03-01,S001,137.93
2022-03-01,S002,98.43
2022-03-01,S003,165.16
2022-03-02,S001,144.17
2022-03-02,S002,93.51
2022-03-02,S003,179.41
2022-03-03,S001,125.96
2022-03-03,S002,98.49
2022-03-03,S003,176.47
2022-03-04,S001,139.63
2022-03-04,S002,98.01
2022-03-04,S003,175.55
2022-03-05,S001,158.07
2022-03-05,S002,125.01
2022-03-05,S003,205.82
2022-03-06,S001,136.0
2022-03-06,S002,112.82
2022-03-06,S003,207.02
2022-03-07,S001,126.07
2022-03-07,S002,93.87
2022-03-07,S003,177.28
2022-03-08,S001,119.69
2022-03-08,S002,100.98
2022-03-08,S003,176.17
2022-03-09,S001,134.32
2022-03-09,S002,99.42
2022-03-09,S003,167.38
2022-03-10,S001,142.69
2022-03-10,S002,85.72
2022-03-10,S003,179.9
2022-03-11,S001,149.44
2022-03-11,S002,98.62
2022-03-11,S003,196.07
2022-03-12,S001,153.49
2022-03-12,S002,113.39
2022-03-12,S003,194.92
2022-03-13,S001,166.4
2022-03-13,S002,110.3
2022-03-13,S003,202.28
2022-03-14,S001,127.81
2022-03-14,S002,108.39
2022-03-14,S003,170.78
2022-03-15,S001,125.7
2022-03-15,S002,94.28
2022-03-15,S003,178.99
2022-03-16,S001,139.36
2022-03-16,S002,104.67
2022-03-16,S003,186.67
2022-03-17,S001,143.35
2022-03-17,S002,100.3
2022-03-17,S003,184.33
2022-03-18,S001,140.5
2022-03-18,S002,102.8
2022-03-18,S003,190.59
2022-03-19,S001,139.7
2022-03-19,S002,120.69
2022-03-19,S003,194.68
2022-03-20,S001,156.01
2022-03-20,S002,107.4
2022-03-20,S003,186.01
2022-03-21,S001,131.76
2022-03-21,S002,104.85
2022-03-21,S003,194.5
2022-03-22,S001,148.04
2022-03-22,S002,122.09
2022-03-22,S003,178.54
2022-03-23,S001,146.09
2022-03-23,S002,91.79
2022-03-23,S003,190.59
2022-03-24,S001,136.12
2022-03-24,S002,104.24
2022-03-24,S003,190.66
2022-03-25,S001,140.01
2022-03-25,S002,114.14
2022-03-25,S003,174.25
2022-03-26,S001,151.12
2022-03-26,S002,123.03
2022-03-26,S003,211.46
2022-03-27,S001,159.57
2022-03-27,S002,126.58
2022-03-27,S003,199.04
2022-03-28,S001,153.19
2022-03-28,S002,87.53
2022-03-28,S003,189.52
2022-03-29,S001,138.14
2022-03-29,S002,111.78
2022-03-29,S003,186.72
2022-03-30,S001,150.54
2022-03-30,S002,101.35
2022-03-30,S003,203.08
2022-03-31,S001,142.74
2022-03-31,S002,110.38
2022-03-31,S003,201.35
2022-04-01,S001,141.11
2022-04-01,S002,108.12
2022-04-01,S003,176.6
2022-04-02,S001,162.07
2022-04-02,S002,142.03
2022-04-02,S003,224.67
2022-04-03,S001,155.11
2022-04-03,S002,128.63
2022-04-03,S003,201.68
2022-04-04,S001,144.43
2022-04-04,S002,108.8
2022-04-04,S003,209.42
2022-04-05,S001,139.75
2022-04-05,S002,98.07
2022-04-05,S003,191.05
2022-04-06,S001,165.51
2022-04-06,S002,111.56
2022-04-06,S003,190.87
2022-04-07,S001,150.54
2022-04-07,S002,117.62
2022-04-07,S003,192.11
2022-04-08,S001,145.12
2022-04-08,S002,110.83
2022-04-08,S003,191.37
2022-04-09,S001,167.89
2022-04-09,S002,122.87
2022-04-09,S003,230.26
2022-04-10,S001,165.73
2022-04-10,S002,122.77
2022-04-10,S003,209.94
2022-04-11,S001,150.32
2022-04-11,S002,117.07
2022-04-11,S003,193.62
2022-04-12,S001,157.45
2022-04-12,S002,119.29
2022-04-12,S003,197.13
2022-04-13,S001,159.05
2022-04-13,S002,
2022-04-13,S003,189.26
2022-04-14,S001,149.19
2022-04-14,S002,106.11
2022-04-14,S003,210.25
2022-04-15,S001,149.27
2022-04-15,S002,118.7
2022-04-15,S003,186.17
2022-04-16,S001,167.11
2022-04-16,S002,128.94
2022-04-16,S003,208.5
2022-04-17,S001,151.33
2022-04-17,S002,129.59
2022-04-17,S003,221.37
2022-04-18,S001,143.06
2022-04-18,S002,118.96
2022-04-18,S003,199.68
2022-04-19,S001,166.55
2022-04-19,S002,119.41
2022-04-19,S003,204.19
2022-04-20,S001,169.2
2022-04-20,S002,120.79
2022-04-20,S003,212.52
2022-04-21,S001,154.47
2022-04-21,S002,108.5
2022-04-21,S003,208.74
2022-04-22,S001,161.49
2022-04-22,S002,111.36
2022-04-22,S003,202.26
2022-04-23,S001,174.78
2022-04-23,S002,144.64
2022-04-23,S003,233.32
2022-04-24,S001,197.33
2022-04-24,S002,131.38
2022-04-24,S003,212.02
2022-04-25,S001,167.07
2022-04-25,S002,120.98
2022-04-25,S003,201.68
2022-04-26,S001,157.49
2022-04-26,S002,127.35
2022-04-26,S003,202.67
2022-04-27,S001,151.27
2022-04-27,S002,123.0
2022-04-27,S003,202.52
2022-04-28,S001,146.45
2022-04-28,S002,124.04
2022-04-28,S003,195.21
2022-04-29,S001,161.32
2022-04-29,S002,127.19
2022-04-29,S003,191.51
2022-04-30,S001,169.03
2022-04-30,S002,118.46
2022-04-30,S003,222.93
2022-05-01,S001,164.08
2022-05-01,S002,131.84
2022-05-01,S003,214.94
2022-05-02,S001,155.66
2022-05-02,S002,124.86
2022-05-02,S003,220.67
2022-05-03,S001,152.55
2022-05-03,S002,132.56
2022-05-03,S003,205.23
2022-05-04,S001,175.06
2022-05-04,S002,122.34
2022-05-04,S003,204.19
2022-05-05,S001,168.98
2022-05-05,S002,115.39
2022-05-05,S003,215.35
2022-05-06,S001,162.22
2022-05-06,S002,115.94
2022-05-06,S003,210.2
2022-05-07,S001,189.47
2022-05-07,S002,144.88
2022-05-07,S003,220.96
2022-05-08,S001,178.59
2022-05-08,S002,136.39
2022-05-08,S003,217.61
2022-05-09,S001,156.42
2022-05-09,S002,123.4
2022-05-09,S003,237.37
2022-05-10,S001,175.83
2022-05-10,S002,128.69
2022-05-10,S003,211.36
2022-05-11,S001,168.29
2022-05-11,S002,100.86
2022-05-11,S003,217.5
2022-05-12,S001,156.0
2022-05-12,S002,140.38
2022-05-12,S003,200.99
2022-05-13,S001,163.09
2022-05-13,S002,118.83
2022-05-13,S003,204.9
2022-05-14,S001,172.92
2022-05-14,S002,141.9
2022-05-14,S003,241.76
2022-05-15,S001,169.17
2022-05-15,S002,126.61
2022-05-15,S003,236.37
2022-05-16,S001,172.94
2022-05-16,S002,122.15
2022-05-16,S003,214.19
2022-05-17,S001,181.1
2022-05-17,S002,135.76
2022-05-17,S003,207.8
2022-05-18,S001,154.92
2022-05-18,S002,110.74
2022-05-18,S003,209.29
2022-05-19,S001,170.89
2022-05-19,S002,135.34
2022-05-19,S003,206.07
2022-05-20,S001,161.45
2022-05-20,S002,124.39
2022-05-20,S003,202.53
2022-05-21,S001,178.03
2022-05-21,S002,145.72
2022-05-21,S003,234.47
2022-05-22,S001,177.45
2022-05-22,S002,147.33
2022-05-22,S003,231.68
2022-05-23,S001,160.53
2022-05-23,S002,130.83
2022-05-23,S003,218.54
2022-05-24,S001,168.08
2022-05-24,S002,120.61
2022-05-24,S003,210.24
2022-05-25,S001,161.28
2022-05-25,S002,124.84
2022-05-25,S003,215.25
2022-05-26,S001,170.33
2022-05-26,S002,116.27
2022-05-26,S003,210.01
2022-05-27,S001,167.99
2022-05-27,S002,132.11
2022-05-27,S003,207.91
2022-05-28,S001,181.7
2022-05-28,S002,156.99
2022-05-28,S003,242.31
2022-05-29,S001,176.57
2022-05-29,S002,128.98
2022-05-29,S003,230.19
2022-05-30,S001,164.42
2022-05-30,S002,122.67
2022-05-30,S003,218.52
2022-05-31,S001,175.28
2022-05-31,S002,127.49
2022-05-31,S003,221.38
2022-06-01,S001,173.44
2022-06-01,S002,130.5
2022-06-01,S003,215.99
2022-06-02,S001,161.8
2022-06-02,S002,136.31
2022-06-02,S003,217.05
2022-06-03,S001,170.59
2022-06-03,S002,128.22
2022-06-03,S003,206.65
2022-06-04,S001,190.98
2022-06-04,S002,142.06
2022-06-04,S003,223.37
2022-06-05,S001,171.78
2022-06-05,S002,153.56
2022-06-05,S003,223.16
2022-06-06,S001,174.64
2022-06-06,S002,135.17
2022-06-06,S003,220.77
2022-06-07,S001,165.15
2022-06-07,S002,134.32
2022-06-07,S003,216.67
2022-06-08,S001,175.16
2022-06-08,S002,131.03
2022-06-08,S003,209.11
2022-06-09,S001,164.62
2022-06-09,S002,138.11
2022-06-09,S003,221.09
2022-06-10,S001,156.42
2022-06-10,S002,125.11
2022-06-10,S003,220.96
2022-06-11,S001,172.96
2022-06-11,S002,139.12
2022-06-11,S003,226.2
2022-06-12,S001,186.48
2022-06-12,S002,151.52
2022-06-12,S003,231.68
2022-06-13,S001,173.28
2022-06-13,S002,117.64
2022-06-13,S003,221.42
2022-06-14,S001,164.07
2022-06-14,S002,131.46
2022-06-14,S003,210.31
2022-06-15,S001,176.5
2022-06-15,S002,128.26
2022-06-15,S003,221.83
2022-06-16,S001,158.19
2022-06-16,S002,119.62
2022-06-16,S003,219.82
2022-06-17,S001,171.03
2022-06-17,S002,123.47
2022-06-17,S003,209.53
2022-06-18,S001,176.94
2022-06-18,S002,145.1
2022-06-18,S003,234.38
2022-06-19,S001,181.48
2022-06-19,S002,154.29
2022-06-19,S003,235.64
2022-06-20,S001,172.13
2022-06-20,S002,125.83
2022-06-20,S003,
2022-06-21,S001,164.91
2022-06-21,S002,140.79
2022-06-21,S003,213.5
2022-06-22,S001,168.76
2022-06-22,S002,131.6
2022-06-22,S003,209.88
2022-06-23,S001,179.92
2022-06-23,S002,141.6
2022-06-23,S003,214.42
2022-06-24,S001,167.28
2022-06-24,S002,126.28
2022-06-24,S003,217.97
2022-06-25,S001,193.6
2022-06-25,S002,145.73
2022-06-25,S003,228.76
2022-06-26,S001,177.89
2022-06-26,S002,149.06
2022-06-26,S003,221.28
2022-06-27,S001,176.17
2022-06-27,S002,129.66
2022-06-27,S003,212.69
2022-06-28,S001,183.46
2022-06-28,S002,138.7
2022-06-28,S003,214.88
2022-06-29,S001,152.15
2022-06-29,S002,113.38
2022-06-29,S003,224.78
2022-06-30,S001,165.53
2022-06-30,S002,150.38
2022-06-30,S003,223.01
2022-07-01,S001,176.5
2022-07-01,S002,137.82
2022-07-01,S003,224.95
2022-07-02,S001,185.22
2022-07-02,S002,144.52
2022-07-02,S003,227.34
2022-07-03,S001,189.78
2022-07-03,S002,141.43
2022-07-03,S003,234.38
2022-07-04,S001,166.93
2022-07-04,S002,123.85
2022-07-04,S003,198.85
2022-07-05,S001,172.4
2022-07-05,S002,135.87
2022-07-05,S003,221.64
2022-07-06,S001,170.4
2022-07-06,S002,138.59
2022-07-06,S003,223.06
2022-07-07,S001,180.92
2022-07-07,S002,129.24
2022-07-07,S003,215.32
2022-07-08,S001,173.54
2022-07-08,S002,139.3
2022-07-08,S003,220.46
2022-07-09,S001,189.12
2022-07-09,S002,138.08
2022-07-09,S003,220.92
2022-07-10,S001,183.03
2022-07-10,S002,136.56
2022-07-10,S003,226.57
2022-07-11,S001,167.33
2022-07-11,S002,144.62
2022-07-11,S003,224.04
2022-07-12,S001,167.67
2022-07-12,S002,134.72
2022-07-12,S003,221.93
2022-07-13,S001,174.18
2022-07-13,S002,141.03
2022-07-13,S003,214.47
2022-07-14,S001,167.54
2022-07-14,S002,122.89
2022-07-14,S003,224.16
2022-07-15,S001,173.1
2022-07-15,S002,122.19
2022-07-15,S003,218.69
2022-07-16,S001,202.25
2022-07-16,S002,141.56
2022-07-16,S003,228.44
2022-07-17,S001,192.48
2022-07-17,S002,137.68
2022-07-17,S003,230.91
2022-07-18,S001,167.76
2022-07-18,S002,134.75
2022-07-18,S003,213.61
2022-07-19,S001,179.83
2022-07-19,S002,122.93
2022-07-19,S003,207.67
2022-07-20,S001,166.8
2022-07-20,S002,119.39
2022-07-20,S003,227.06
2022-07-21,S001,153.59
2022-07-21,S002,129.71
2022-07-21,S003,212.33
2022-07-22,S001,161.66
2022-07-22,S002,118.07
2022-07-22,S003,210.08
2022-07-23,S001,169.58
2022-07-23,S002,128.8
2022-07-23,S003,219.36
2022-07-24,S001,181.56
2022-07-24,S002,144.05
2022-07-24,S003,210.35
2022-07-25,S001,169.33
2022-07-25,S002,113.79
2022-07-25,S003,221.89
2022-07-26,S001,182.4
2022-07-26,S002,133.77
2022-07-26,S003,222.46
2022-07-27,S001,171.4
2022-07-27,S002,116.18
2022-07-27,S003,225.49
2022-07-28,S001,166.82
2022-07-28,S002,109.19
2022-07-28,S003,214.58
2022-07-29,S001,175.0
2022-07-29,S002,124.53
2022-07-29,S003,213.01
2022-07-30,S001,165.46
2022-07-30,S002,142.8
2022-07-30,S003,226.33
2022-07-31,S001,184.81
2022-07-31,S002,145.33
2022-07-31,S003,226.87
2022-08-01,S001,173.86
2022-08-01,S002,127.53
2022-08-01,S003,223.96
2022-08-02,S001,155.63
2022-08-02,S002,117.42
2022-08-02,S003,214.58
2022-08-03,S001,176.37
2022-08-03,S002,131.34
2022-08-03,S003,217.61
2022-08-04,S001,169.68
2022-08-04,S002,133.05
2022-08-04,S003,210.83
2022-08-05,S001,163.4
2022-08-05,S002,115.45
2022-08-05,S003,224.71
2022-08-06,S001,186.52
2022-08-06,S002,138.37
2022-08-06,S003,213.68
2022-08-07,S001,199.36
2022-08-07,S002,137.34
2022-08-07,S003,218.93
2022-08-08,S001,167.39
2022-08-08,S002,126.02
2022-08-08,S003,216.49
2022-08-09,S001,167.65
2022-08-09,S002,122.32
2022-08-09,S003,227.22
2022-08-10,S001,161.71
2022-08-10,S002,123.12
2022-08-10,S003,211.16
2022-08-11,S001,158.3
2022-08-11,S002,128.5
2022-08-11,S003,205.97
2022-08-12,S001,171.46
2022-08-12,S002,114.14
2022-08-12,S003,220.46
2022-08-13,S001,172.68
2022-08-13,S002,143.64
2022-08-13,S003,229.78
2022-08-14,S001,179.8
2022-08-14,S002,146.56
2022-08-14,S003,237.25
2022-08-15,S001,160.11
2022-08-15,S002,135.18
2022-08-15,S003,201.34
2022-08-16,S001,167.46
2022-08-16,S002,104.64
2022-08-16,S003,221.08
2022-08-17,S001,165.99
2022-08-17,S002,119.99
2022-08-17,S003,198.72
2022-08-18,S001,171.31
2022-08-18,S002,105.4
2022-08-18,S003,208.52
2022-08-19,S001,158.61
2022-08-19,S002,101.31
2022-08-19,S003,213.84
2022-08-20,S001,175.21
2022-08-20,S002,136.6
2022-08-20,S003,226.74
2022-08-21,S001,169.22
2022-08-21,S002,131.91
2022-08-21,S003,233.44
2022-08-22,S001,158.16
2022-08-22,S002,122.16
2022-08-22,S003,195.05
2022-08-23,S001,164.41
2022-08-23,S002,123.3
2022-08-23,S003,210.49
2022-08-24,S001,167.11
2022-08-24,S002,129.04
2022-08-24,S003,218.65
2022-08-25,S001,153.34
2022-08-25,S002,119.13
2022-08-25,S003,209.22
2022-08-26,S001,167.33
2022-08-26,S002,141.72
2022-08-26,S003,199.3
2022-08-27,S001,185.88
2022-08-27,S002,135.42
2022-08-27,S003,231.18
2022-08-28,S001,177.99
2022-08-28,S002,147.35
2022-08-28,S003,217.62
2022-08-29,S001,174.35
2022-08-29,S002,98.57
2022-08-29,S003,200.89
2022-08-30,S001,152.79
2022-08-30,S002,127.66
2022-08-30,S003,199.56
2022-08-31,S001,148.67
2022-08-31,S002,115.04
2022-08-31,S003,205.25
2022-09-01,S001,144.04
2022-09-01,S002,100.53
2022-09-01,S003,207.98
2022-09-02,S001,169.88
2022-09-02,S002,119.1
2022-09-02,S003,196.03
2022-09-03,S001,177.79
2022-09-03,S002,127.93
2022-09-03,S003,212.34
2022-09-04,S001,171.74
2022-09-04,S002,134.61
2022-09-04,S003,214.96
2022-09-05,S001,159.06
2022-09-05,S002,122.67
2022-09-05,S003,197.54
2022-09-06,S001,147.45
2022-09-06,S002,102.28
2022-09-06,S003,205.14
2022-09-07,S001,175.65
2022-09-07,S002,121.93
2022-09-07,S003,207.4
2022-09-08,S001,156.75
2022-09-08,S002,113.47
2022-09-08,S003,205.96
2022-09-09,S001,156.22
2022-09-09,S002,123.85
2022-09-09,S003,205.63
2022-09-10,S001,175.78
2022-09-10,S002,125.99
2022-09-10,S003,231.85
2022-09-11,S001,173.44
2022-09-11,S002,123.47
2022-09-11,S003,221.53
2022-09-12,S001,156.01
2022-09-12,S002,112.06
2022-09-12,S003,209.06
2022-09-13,S001,147.52
2022-09-13,S002,112.26
2022-09-13,S003,199.13
2022-09-14,S001,157.24
2022-09-14,S002,105.74
2022-09-14,S003,209.65
2022-09-15,S001,168.14
2022-09-15,S002,106.68
2022-09-15,S003,198.05
2022-09-16,S001,163.47
2022-09-16,S002,100.43
2022-09-16,S003,204.69
2022-09-17,S001,180.07
2022-09-17,S002,121.37
2022-09-17,S003,205.08
2022-09-18,S001,162.86
2022-09-18,S002,129.86
2022-09-18,S003,217.03
2022-09-19,S001,143.65
2022-09-19,S002,107.95
2022-09-19,S003,192.55
2022-09-20,S001,150.18
2022-09-20,S002,116.72
2022-09-20,S003,207.49
2022-09-21,S001,151.25
2022-09-21,S002,106.77
2022-09-21,S003,206.66
2022-09-22,S001,159.18
2022-09-22,S002,96.4
2022-09-22,S003,195.57
2022-09-23,S001,136.51
2022-09-23,S002,112.23
2022-09-23,S003,215.35
2022-09-24,S001,176.91
2022-09-24,S002,116.66
2022-09-24,S003,211.31
2022-09-25,S001,163.03
2022-09-25,S002,119.78
2022-09-25,S003,200.36
2022-09-26,S001,145.5
2022-09-26,S002,116.15
2022-09-26,S003,191.67
2022-09-27,S001,140.44
2022-09-27,S002,96.57
2022-09-27,S003,189.2
2022-09-28,S001,134.92
2022-09-28,S002,106.78
2022-09-28,S003,200.25
2022-09-29,S001,154.37
2022-09-29,S002,104.74
2022-09-29,S003,186.98
2022-09-30,S001,148.0
2022-09-30,S002,110.28
2022-09-30,S003,192.21
2022-10-01,S001,151.72
2022-10-01,S002,126.12
2022-10-01,S003,213.7
2022-10-02,S001,151.31
2022-10-02,S002,121.0
2022-10-02,S003,211.95
2022-10-03,S001,143.61
2022-10-03,S002,100.62
2022-10-03,S003,195.4
2022-10-04,S001,159.28
2022-10-04,S002,106.9
2022-10-04,S003,196.17
2022-10-05,S001,143.49
2022-10-05,S002,113.41
2022-10-05,S003,191.86
2022-10-06,S001,133.18
2022-10-06,S002,102.12
2022-10-06,S003,181.66
2022-10-07,S001,142.87
2022-10-07,S002,99.82
2022-10-07,S003,190.98
2022-10-08,S001,157.3
2022-10-08,S002,119.68
2022-10-08,S003,212.58
2022-10-09,S001,137.55
2022-10-09,S002,116.51
2022-10-09,S003,207.41
2022-10-10,S001,143.33
2022-10-10,S002,90.12
2022-10-10,S003,196.31
2022-10-11,S001,141.57
2022-10-11,S002,102.37
2022-10-11,S003,188.16
2022-10-12,S001,148.63
2022-10-12,S002,89.31
2022-10-12,S003,200.49
2022-10-13,S001,157.51
2022-10-13,S002,102.71
2022-10-13,S003,171.77
2022-10-14,S001,151.38
2022-10-14,S002,92.97
2022-10-14,S003,193.03
2022-10-15,S001,154.88
2022-10-15,S002,114.29
2022-10-15,S003,217.38
2022-10-16,S001,147.84
2022-10-16,S002,116.76
2022-10-16,S003,218.26
2022-10-17,S001,161.94
2022-10-17,S002,117.91
2022-10-17,S003,189.12
2022-10-18,S001,141.5
2022-10-18,S002,103.87
2022-10-18,S003,180.07
2022-10-19,S001,140.81
2022-10-19,S002,108.5
2022-10-19,S003,201.31
2022-10-20,S001,140.18
2022-10-20,S002,112.21
2022-10-20,S003,189.67
2022-10-21,S001,141.64
2022-10-21,S002,100.81
2022-10-21,S003,188.52
2022-10-22,S001,153.58
2022-10-22,S002,113.84
2022-10-22,S003,197.36
2022-10-23,S001,149.83
2022-10-23,S002,102.69
2022-10-23,S003,194.22
2022-10-24,S001,134.74
2022-10-24,S002,94.96
2022-10-24,S003,193.45
2022-10-25,S001,138.55
2022-10-25,S002,89.78
2022-10-25,S003,194.03
2022-10-26,S001,134.16
2022-10-26,S002,92.04
2022-10-26,S003,190.01
2022-10-27,S001,132.51
2022-10-27,S002,109.9
2022-10-27,S003,182.02
2022-10-28,S001,138.77
2022-10-28,S002,95.54
2022-10-28,S003,179.35
2022-10-29,S001,150.59
2022-10-29,S002,102.3
2022-10-29,S003,191.15
2022-10-30,S001,164.38
2022-10-30,S002,120.01
2022-10-30,S003,197.87
2022-10-31,S001,115.86
2022-10-31,S002,101.35
2022-10-31,S003,179.06
2022-11-01,S001,145.53
2022-11-01,S002,101.48
2022-11-01,S003,173.19
2022-11-02,S001,146.5
2022-11-02,S002,77.08
2022-11-02,S003,191.84
2022-11-03,S001,119.68
2022-11-03,S002,108.44
2022-11-03,S003,175.84
2022-11-04,S001,133.27
2022-11-04,S002,88.1
2022-11-04,S003,194.04
2022-11-05,S001,147.78
2022-11-05,S002,113.52
2022-11-05,S003,204.1
2022-11-06,S001,139.25
2022-11-06,S002,127.22
2022-11-06,S003,203.08
2022-11-07,S001,129.04
2022-11-07,S002,109.01
2022-11-07,S003,198.84
2022-11-08,S001,126.14
2022-11-08,S002,83.69
2022-11-08,S003,175.02
2022-11-09,S001,148.82
2022-11-09,S002,79.7
2022-11-09,S003,192.1
2022-11-10,S001,142.06
2022-11-10,S002,102.45
2022-11-10,S003,182.53
2022-11-11,S001,144.52
2022-11-11,S002,91.91
2022-11-11,S003,205.29
2022-11-12,S001,154.91
2022-11-12,S002,101.53
2022-11-12,S003,196.49
2022-11-13,S001,139.9
2022-11-13,S002,110.28
2022-11-13,S003,195.02
2022-11-14,S001,129.53
2022-11-14,S002,88.78
2022-11-14,S003,187.59
2022-11-15,S001,137.45
2022-11-15,S002,95.48
2022-11-15,S003,182.35
2022-11-16,S001,123.56
2022-11-16,S002,90.2
2022-11-16,S003,177.79
2022-11-17,S001,138.86
2022-11-17,S002,95.24
2022-11-17,S003,175.94
2022-11-18,S001,131.06
2022-11-18,S002,82.1
2022-11-18,S003,195.22
2022-11-19,S001,144.81
2022-11-19,S002,115.46
2022-11-19,S003,189.11
2022-11-20,S001,153.33
2022-11-20,S002,109.46
2022-11-20,S003,200.07
2022-11-21,S001,136.04
2022-11-21,S002,93.87
2022-11-21,S003,191.6
2022-11-22,S001,129.44
2022-11-22,S002,79.59
2022-11-22,S003,191.87
2022-11-23,S001,141.46
2022-11-23,S002,101.96
2022-11-23,S003,178.1
2022-11-24,S001,183.4
2022-11-24,S002,148.1
2022-11-24,S003,241.16
2022-11-25,S001,196.84
2022-11-25,S002,153.88
2022-11-25,S003,239.5
2022-11-26,S001,211.53
2022-11-26,S002,160.33
2022-11-26,S003,245.33
2022-11-27,S001,204.19
2022-11-27,S002,164.86
2022-11-27,S003,261.82
2022-11-28,S001,134.17
2022-11-28,S002,90.02
2022-11-28,S003,182.75
2022-11-29,S001,121.45
2022-11-29,S002,64.95
2022-11-29,S003,193.89
2022-11-30,S001,138.75
2022-11-30,S002,92.06
2022-11-30,S003,175.71
2022-12-01,S001,129.79
2022-12-01,S002,103.01
2022-12-01,S003,190.94
2022-12-02,S001,127.0
2022-12-02,S002,91.5
2022-12-02,S003,191.45
2022-12-03,S001,154.5
2022-12-03,S002,94.42
2022-12-03,S003,197.51
2022-12-04,S001,140.4
2022-12-04,S002,107.19
2022-12-04,S003,179.73
2022-12-05,S001,119.7
2022-12-05,S002,95.39
2022-12-05,S003,177.96
2022-12-06,S001,118.46
2022-12-06,S002,90.93
2022-12-06,S003,196.32
2022-12-07,S001,135.71
2022-12-07,S002,86.17
2022-12-07,S003,184.39
2022-12-08,S001,120.58
2022-12-08,S002,84.77
2022-12-08,S003,187.55
2022-12-09,S001,144.83
2022-12-09,S002,84.68
2022-12-09,S003,181.29
2022-12-10,S001,129.11
2022-12-10,S002,107.19
2022-12-10,S003,195.22
2022-12-11,S001,159.32
2022-12-11,S002,90.31
2022-12-11,S003,182.08
2022-12-12,S001,132.42
2022-12-12,S002,83.56
2022-12-12,S003,188.39
2022-12-13,S001,129.95
2022-12-13,S002,99.27
2022-12-13,S003,190.7
2022-12-14,S001,126.37
2022-12-14,S002,99.56
2022-12-14,S003,174.48
2022-12-15,S001,133.93
2022-12-15,S002,74.65
2022-12-15,S003,180.7
2022-12-16,S001,130.46
2022-12-16,S002,77.43
2022-12-16,S003,179.67
2022-12-17,S001,154.61
2022-12-17,S002,99.32
2022-12-17,S003,200.59
2022-12-18,S001,146.73
2022-12-18,S002,108.63
2022-12-18,S003,192.94
2022-12-19,S001,132.06
2022-12-19,S002,71.89
2022-12-19,S003,189.81
2022-12-20,S001,167.99
2022-12-20,S002,126.1
2022-12-20,S003,223.01
2022-12-21,S001,170.5
2022-12-21,S002,122.78
2022-12-21,S003,202.13
2022-12-22,S001,173.48
2022-12-22,S002,137.22
2022-12-22,S003,226.16
2022-12-23,S001,157.4
2022-12-23,S002,113.25
2022-12-23,S003,230.69
2022-12-24,S001,135.38
2022-12-24,S002,102.46
2022-12-24,S003,188.6
2022-12-25,S001,152.19
2022-12-25,S002,98.64
2022-12-25,S003,201.2
2022-12-26,S001,132.7
2022-12-26,S002,98.61
2022-12-26,S003,197.7
2022-12-27,S001,129.96
2022-12-27,S002,91.72
2022-12-27,S003,184.08
2022-12-28,S001,131.69
2022-12-28,S002,82.33
2022-12-28,S003,192.45
2022-12-29,S001,134.43
2022-12-29,S002,93.94
2022-12-29,S003,179.93
2022-12-30,S001,127.46
2022-12-30,S002,84.1
2022-12-30,S003,183.47
2022-12-31,S001,140.67
2022-12-31,S002,110.32
2022-12-31,S003,197.13
2023-01-01,S001,148.63
2023-01-01,S002,100.56
2023-01-01,S003,195.86
2023-01-02,S001,124.38
2023-01-02,S002,96.02
2023-01-02,S003,182.95
2023-01-03,S001,135.62
2023-01-03,S002,91.2
2023-01-03,S003,171.27
2023-01-04,S001,118.89
2023-01-04,S002,113.94
2023-01-04,S003,181.86
2023-01-05,S001,140.91
2023-01-05,S002,87.57
2023-01-05,S003,195.4
2023-01-06,S001,136.63
2023-01-06,S002,91.21
2023-01-06,S003,177.19
2023-01-07,S001,150.08
2023-01-07,S002,99.47
2023-01-07,S003,191.58
2023-01-08,S001,156.08
2023-01-08,S002,103.5
2023-01-08,S003,200.82
2023-01-09,S001,146.73
2023-01-09,S002,67.04
2023-01-09,S003,186.44
2023-01-10,S001,141.73
2023-01-10,S002,92.56
2023-01-10,S003,188.8
2023-01-11,S001,119.09
2023-01-11,S002,99.76
2023-01-11,S003,185.11
2023-01-12,S001,123.8
2023-01-12,S002,92.39
2023-01-12,S003,186.84
2023-01-13,S001,129.26
2023-01-13,S002,78.9
2023-01-13,S003,183.71
2023-01-14,S001,149.69
2023-01-14,S002,98.21
2023-01-14,S003,191.57
2023-01-15,S001,153.86
2023-01-15,S002,85.4
2023-01-15,S003,201.47
2023-01-16,S001,129.15
2023-01-16,S002,97.89
2023-01-16,S003,193.11
2023-01-17,S001,136.7
2023-01-17,S002,82.23
2023-01-17,S003,191.71
2023-01-18,S001,129.42
2023-01-18,S002,90.29
2023-01-18,S003,173.92
2023-01-19,S001,130.83
2023-01-19,S002,89.53
2023-01-19,S003,190.18
2023-01-20,S001,124.74
2023-01-20,S002,102.91
2023-01-20,S003,181.32
2023-01-21,S001,143.88
2023-01-21,S002,106.95
2023-01-21,S003,214.9
2023-01-22,S001,140.73
2023-01-22,S002,112.99
2023-01-22,S003,206.68
2023-01-23,S001,129.02
2023-01-23,S002,96.16
2023-01-23,S003,196.56
2023-01-24,S001,145.55
2023-01-24,S002,102.94
2023-01-24,S003,189.88
2023-01-25,S001,129.83
2023-01-25,S002,90.43
2023-01-25,S003,189.51
2023-01-26,S001,158.78
2023-01-26,S002,107.58
2023-01-26,S003,202.34
2023-01-27,S001,141.98
2023-01-27,S002,77.03
2023-01-27,S003,198.5
2023-01-28,S001,154.83
2023-01-28,S002,115.07
2023-01-28,S003,207.01
2023-01-29,S001,146.81
2023-01-29,S002,101.58
2023-01-29,S003,204.82
2023-01-30,S001,144.6
2023-01-30,S002,89.88
2023-01-30,S003,178.11
2023-01-31,S001,134.73
2023-01-31,S002,98.69
2023-01-31,S003,194.73
2023-02-01,S001,140.65
2023-02-01,S002,98.95
2023-02-01,S003,191.5
2023-02-02,S001,160.5
2023-02-02,S002,99.63
2023-02-02,S003,197.31
2023-02-03,S001,139.6
2023-02-03,S002,84.02
2023-02-03,S003,200.12
2023-02-04,S001,164.92
2023-02-04,S002,122.04
2023-02-04,S003,218.51
2023-02-05,S001,150.46
2023-02-05,S002,103.58
2023-02-05,S003,211.73
2023-02-06,S001,141.17
2023-02-06,S002,89.99
2023-02-06,S003,186.06
2023-02-07,S001,155.98
2023-02-07,S002,101.58
2023-02-07,S003,177.63
2023-02-08,S001,137.18
2023-02-08,S002,94.54
2023-02-08,S003,188.64
2023-02-09,S001,157.07
2023-02-09,S002,99.66
2023-02-09,S003,206.31
2023-02-10,S001,148.62
2023-02-10,S002,80.31
2023-02-10,S003,210.65
2023-02-11,S001,153.85
2023-02-11,S002,115.2
2023-02-11,S003,209.57
2023-02-12,S001,163.8
2023-02-12,S002,115.04
2023-02-12,S003,200.21
2023-02-13,S001,151.92
2023-02-13,S002,94.6
2023-02-13,S003,192.14
2023-02-14,S001,149.52
2023-02-14,S002,82.47
2023-02-14,S003,206.86
2023-02-15,S001,132.39
2023-02-15,S002,97.75
2023-02-15,S003,193.47
2023-02-16,S001,139.54
2023-02-16,S002,99.54
2023-02-16,S003,203.35
2023-02-17,S001,143.79
2023-02-17,S002,97.29
2023-02-17,S003,200.43
2023-02-18,S001,160.6
2023-02-18,S002,100.94
2023-02-18,S003,220.21
2023-02-19,S001,166.58
2023-02-19,S002,128.79
2023-02-19,S003,229.53
2023-02-20,S001,148.46
2023-02-20,S002,96.33
2023-02-20,S003,205.16
2023-02-21,S001,136.79
2023-02-21,S002,100.07
2023-02-21,S003,202.07
2023-02-22,S001,150.94
2023-02-22,S002,82.99
2023-02-22,S003,216.79
2023-02-23,S001,
2023-02-23,S002,115.44
2023-02-23,S003,204.62
2023-02-24,S001,153.26
2023-02-24,S002,99.36
2023-02-24,S003,195.95
2023-02-25,S001,172.87
2023-02-25,S002,119.31
2023-02-25,S003,223.27
2023-02-26,S001,171.34
2023-02-26,S002,127.91
2023-02-26,S003,221.82
2023-02-27,S001,153.79
2023-02-27,S002,98.96
2023-02-27,S003,201.26
2023-02-28,S001,150.0
2023-02-28,S002,112.51
2023-02-28,S003,200.06
2023-03-01,S001,137.73
2023-03-01,S002,88.75
2023-03-01,S003,202.3
2023-03-02,S001,154.91
2023-03-02,S002,110.08
2023-03-02,S003,200.92
2023-03-03,S001,153.59
2023-03-03,S002,118.69
2023-03-03,S003,203.54
2023-03-04,S001,169.57
2023-03-04,S002,116.91
2023-03-04,S003,214.41
2023-03-05,S001,157.64
2023-03-05,S002,130.95
2023-03-05,S003,224.73
2023-03-06,S001,144.67
2023-03-06,S002,122.11
2023-03-06,S003,209.63
2023-03-07,S001,162.21
2023-03-07,S002,105.85
2023-03-07,S003,210.4
2023-03-08,S001,153.94
2023-03-08,S002,105.64
2023-03-08,S003,207.64
2023-03-09,S001,160.18
2023-03-09,S002,101.6
2023-03-09,S003,207.21
2023-03-10,S001,155.42
2023-03-10,S002,105.16
2023-03-10,S003,220.67
2023-03-11,S001,170.91
2023-03-11,S002,118.17
2023-03-11,S003,225.18
2023-03-12,S001,178.65
2023-03-12,S002,117.95
2023-03-12,S003,235.26
2023-03-13,S001,152.49
2023-03-13,S002,120.19
2023-03-13,S003,202.68
2023-03-14,S001,157.87
2023-03-14,S002,104.74
2023-03-14,S003,215.87
2023-03-15,S001,153.88
2023-03-15,S002,113.58
2023-03-15,S003,205.79
2023-03-16,S001,154.58
2023-03-16,S002,112.28
2023-03-16,S003,207.72
2023-03-17,S001,156.06
2023-03-17,S002,124.42
2023-03-17,S003,209.39
2023-03-18,S001,175.79
2023-03-18,S002,123.87
2023-03-18,S003,224.39
2023-03-19,S001,170.66
2023-03-19,S002,131.4
2023-03-19,S003,224.94
2023-03-20,S001,170.02
2023-03-20,S002,120.14
2023-03-20,S003,223.95
2023-03-21,S001,153.29
2023-03-21,S002,126.19
2023-03-21,S003,215.08
2023-03-22,S001,159.44
2023-03-22,S002,110.59
2023-03-22,S003,217.03
2023-03-23,S001,157.89
2023-03-23,S002,110.25
2023-03-23,S003,212.08
2023-03-24,S001,173.47
2023-03-24,S002,107.16
2023-03-24,S003,223.11
2023-03-25,S001,178.94
2023-03-25,S002,149.0
2023-03-25,S003,234.6
2023-03-26,S001,186.1
2023-03-26,S002,142.64
2023-03-26,S003,229.8
2023-03-27,S001,151.44
2023-03-27,S002,116.69
2023-03-27,S003,205.1
2023-03-28,S001,165.94
2023-03-28,S002,132.93
2023-03-28,S003,220.01
2023-03-29,S001,171.4
2023-03-29,S002,117.12
2023-03-29,S003,223.4
2023-03-30,S001,165.41
2023-03-30,S002,124.19
2023-03-30,S003,211.46
2023-03-31,S001,173.75
2023-03-31,S002,118.93
2023-03-31,S003,217.44
2023-04-01,S001,176.56
2023-04-01,S002,137.48
2023-04-01,S003,239.6
2023-04-02,S001,192.45
2023-04-02,S002,137.09
2023-04-02,S003,223.24
2023-04-03,S001,185.04
2023-04-03,S002,116.8
2023-04-03,S003,216.11
2023-04-04,S001,164.21
2023-04-04,S002,129.39
2023-04-04,S003,224.82
2023-04-05,S001,164.02
2023-04-05,S002,126.83
2023-04-05,S003,231.14
2023-04-06,S001,179.67
2023-04-06,S002,129.77
2023-04-06,S003,240.28
2023-04-07,S001,181.14
2023-04-07,S002,124.55
2023-04-07,S003,238.96
2023-04-08,S001,179.79
2023-04-08,S002,130.18
2023-04-08,S003,239.93
2023-04-09,S001,181.06
2023-04-09,S002,151.54
2023-04-09,S003,235.39
2023-04-10,S001,167.63
2023-04-10,S002,121.2
2023-04-10,S003,232.14
2023-04-11,S001,159.58
2023-04-11,S002,126.65
2023-04-11,S003,220.89
2023-04-12,S001,163.44
2023-04-12,S002,129.25
2023-04-12,S003,219.62
2023-04-13,S001,163.2
2023-04-13,S002,127.45
2023-04-13,S003,223.75
2023-04-14,S001,165.54
2023-04-14,S002,132.34
2023-04-14,S003,223.23
2023-04-15,S001,186.85
2023-04-15,S002,149.03
2023-04-15,S003,245.44
2023-04-16,S001,189.44
2023-04-16,S002,139.06
2023-04-16,S003,237.79
2023-04-17,S001,185.4
2023-04-17,S002,139.28
2023-04-17,S003,228.76
2023-04-18,S001,165.44
2023-04-18,S002,124.56
2023-04-18,S003,241.3
2023-04-19,S001,181.74
2023-04-19,S002,129.79
2023-04-19,S003,229.98
2023-04-20,S001,172.57
2023-04-20,S002,124.41
2023-04-20,S003,241.59
2023-04-21,S001,174.31
2023-04-21,S002,122.52
2023-04-21,S003,239.53
2023-04-22,S001,195.53
2023-04-22,S002,151.66
2023-04-22,S003,250.09
2023-04-23,S001,181.56
2023-04-23,S002,168.68
2023-04-23,S003,242.97
2023-04-24,S001,179.01
2023-04-24,S002,126.2
2023-04-24,S003,239.57
2023-04-25,S001,177.69
2023-04-25,S002,139.2
2023-04-25,S003,229.68
2023-04-26,S001,180.7
2023-04-26,S002,127.25
2023-04-26,S003,232.1
2023-04-27,S001,179.47
2023-04-27,S002,130.16
2023-04-27,S003,235.18
2023-04-28,S001,197.2
2023-04-28,S002,144.67
2023-04-28,S003,232.92
2023-04-29,S001,187.84
2023-04-29,S002,137.39
2023-04-29,S003,242.62
2023-04-30,S001,189.08
2023-04-30,S002,135.64
2023-04-30,S003,236.58
2023-05-01,S001,173.72
2023-05-01,S002,131.01
2023-05-01,S003,241.88
2023-05-02,S001,174.64
2023-05-02,S002,137.37
2023-05-02,S003,239.17
2023-05-03,S001,174.35
2023-05-03,S002,136.12
2023-05-03,S003,221.25
2023-05-04,S001,189.33
2023-05-04,S002,135.64
2023-05-04,S003,229.43
2023-05-05,S001,191.54
2023-05-05,S002,133.37
2023-05-05,S003,237.23
2023-05-06,S001,190.97
2023-05-06,S002,154.72
2023-05-06,S003,254.72
2023-05-07,S001,189.22
2023-05-07,S002,
2023-05-07,S003,239.41
2023-05-08,S001,185.0
2023-05-08,S002,128.08
2023-05-08,S003,236.22
2023-05-09,S001,177.15
2023-05-09,S002,133.66
2023-05-09,S003,241.62
2023-05-10,S001,186.96
2023-05-10,S002,140.35
2023-05-10,S003,
2023-05-11,S001,183.85
2023-05-11,S002,146.94
2023-05-11,S003,240.07
2023-05-12,S001,170.42
2023-05-12,S002,128.25
2023-05-12,S003,234.48
2023-05-13,S001,210.24
2023-05-13,S002,162.28
2023-05-13,S003,261.0
2023-05-14,S001,212.54
2023-05-14,S002,147.29
2023-05-14,S003,247.67
2023-05-15,S001,178.58
2023-05-15,S002,135.16
2023-05-15,S003,230.26
2023-05-16,S001,180.68
2023-05-16,S002,141.13
2023-05-16,S003,239.96
2023-05-17,S001,186.36
2023-05-17,S002,135.12
2023-05-17,S003,228.58
2023-05-18,S001,187.03
2023-05-18,S002,145.9
2023-05-18,S003,223.53
2023-05-19,S001,189.9
2023-05-19,S002,134.04
2023-05-19,S003,249.35
2023-05-20,S001,215.99
2023-05-20,S002,149.41
2023-05-20,S003,248.11
2023-05-21,S001,
2023-05-21,S002,161.19
2023-05-21,S003,245.61
2023-05-22,S001,179.05
2023-05-22,S002,131.91
2023-05-22,S003,235.07
2023-05-23,S001,174.66
2023-05-23,S002,140.24
2023-05-23,S003,235.0
2023-05-24,S001,180.09
2023-05-24,S002,125.2
2023-05-24,S003,240.99
2023-05-25,S001,185.92
2023-05-25,S002,153.26
2023-05-25,S003,233.65
2023-05-26,S001,200.77
2023-05-26,S002,148.57
2023-05-26,S003,246.65
2023-05-27,S001,197.5
2023-05-27,S002,176.13
2023-05-27,S003,263.1
2023-05-28,S001,203.66
2023-05-28,S002,165.03
2023-05-28,S003,247.98
2023-05-29,S001,186.95
2023-05-29,S002,130.48
2023-05-29,S003,238.48
2023-05-30,S001,196.8
2023-05-30,S002,145.06
2023-05-30,S003,239.47
2023-05-31,S001,207.7
2023-05-31,S002,132.55
2023-05-31,S003,242.57
2023-06-01,S001,183.44
2023-06-01,S002,152.69
2023-06-01,S003,252.77
2023-06-02,S001,183.95
2023-06-02,S002,131.42
2023-06-02,S003,253.45
2023-06-03,S001,211.4
2023-06-03,S002,146.2
2023-06-03,S003,279.53
2023-06-04,S001,208.68
2023-06-04,S002,142.66
2023-06-04,S003,241.59
2023-06-05,S001,203.16
2023-06-05,S002,136.78
2023-06-05,S003,237.54
2023-06-06,S001,193.22
2023-06-06,S002,135.31
2023-06-06,S003,259.64
2023-06-07,S001,185.82
2023-06-07,S002,130.86
2023-06-07,S003,230.9
2023-06-08,S001,193.57
2023-06-08,S002,157.0
2023-06-08,S003,259.81
2023-06-09,S001,197.85
2023-06-09,S002,145.44
2023-06-09,S003,246.83
2023-06-10,S001,210.67
2023-06-10,S002,159.61
2023-06-10,S003,262.28
2023-06-11,S001,208.29
2023-06-11,S002,169.12
2023-06-11,S003,250.72
2023-06-12,S001,197.88
2023-06-12,S002,143.55
2023-06-12,S003,242.5
2023-06-13,S001,198.81
2023-06-13,S002,135.6
2023-06-13,S003,260.22
2023-06-14,S001,200.61
2023-06-14,S002,128.07
2023-06-14,S003,245.99
2023-06-15,S001,194.84
2023-06-15,S002,135.31
2023-06-15,S003,242.94
2023-06-16,S001,188.39
2023-06-16,S002,153.85
2023-06-16,S003,249.86
2023-06-17,S001,205.98
2023-06-17,S002,146.83
2023-06-17,S003,260.18
2023-06-18,S001,214.53
2023-06-18,S002,159.75
2023-06-18,S003,264.58
2023-06-19,S001,183.41
2023-06-19,S002,150.24
2023-06-19,S003,240.12
2023-06-20,S001,192.95
2023-06-20,S002,144.28
2023-06-20,S003,246.38
2023-06-21,S001,186.9
2023-06-21,S002,145.22
2023-06-21,S003,241.95
2023-06-22,S001,190.32
2023-06-22,S002,147.29
2023-06-22,S003,232.72
2023-06-23,S001,200.35
2023-06-23,S002,145.1
2023-06-23,S003,251.07
2023-06-24,S001,206.68
2023-06-24,S002,169.94
2023-06-24,S003,252.4
2023-06-25,S001,205.54
2023-06-25,S002,148.75
2023-06-25,S003,261.0
2023-06-26,S001,179.3
2023-06-26,S002,143.98
2023-06-26,S003,254.77
2023-06-27,S001,196.15
2023-06-27,S002,127.5
2023-06-27,S003,235.41
2023-06-28,S001,195.35
2023-06-28,S002,125.43
2023-06-28,S003,252.26
2023-06-29,S001,207.48
2023-06-29,S002,141.34
2023-06-29,S003,245.04
2023-06-30,S001,187.69
2023-06-30,S002,146.3
2023-06-30,S003,239.72
2023-07-01,S001,206.88
2023-07-01,S002,169.95
2023-07-01,S003,278.64
2023-07-02,S001,207.09
2023-07-02,S002,176.21
2023-07-02,S003,262.45
2023-07-03,S001,202.68
2023-07-03,S002,152.36
2023-07-03,S003,242.9
2023-07-04,S001,189.25
2023-07-04,S002,147.55
2023-07-04,S003,241.19
2023-07-05,S001,192.19
2023-07-05,S002,142.94
2023-07-05,S003,254.46
2023-07-06,S001,194.76
2023-07-06,S002,129.33
2023-07-06,S003,242.48
2023-07-07,S001,191.32
2023-07-07,S002,140.32
2023-07-07,S003,253.39
2023-07-08,S001,201.18
2023-07-08,S002,166.71
2023-07-08,S003,262.27
2023-07-09,S001,206.22
2023-07-09,S002,163.48
2023-07-09,S003,271.17
2023-07-10,S001,198.17
2023-07-10,S002,130.89
2023-07-10,S003,238.84
2023-07-11,S001,181.27
2023-07-11,S002,145.98
2023-07-11,S003,239.89
2023-07-12,S001,190.44
2023-07-12,S002,145.17
2023-07-12,S003,244.79
2023-07-13,S001,183.67
2023-07-13,S002,143.61
2023-07-13,S003,245.38
2023-07-14,S001,198.71
2023-07-14,S002,140.45
2023-07-14,S003,244.04
2023-07-15,S001,191.84
2023-07-15,S002,160.85
2023-07-15,S003,282.83
2023-07-16,S001,199.43
2023-07-16,S002,160.96
2023-07-16,S003,278.18
2023-07-17,S001,191.78
2023-07-17,S002,135.09
2023-07-17,S003,248.96
2023-07-18,S001,201.14
2023-07-18,S002,143.7
2023-07-18,S003,249.79
2023-07-19,S001,187.94
2023-07-19,S002,138.37
2023-07-19,S003,244.45
2023-07-20,S001,183.87
2023-07-20,S002,127.81
2023-07-20,S003,237.81
2023-07-21,S001,203.2
2023-07-21,S002,135.03
2023-07-21,S003,244.62
2023-07-22,S001,191.39
2023-07-22,S002,141.83
2023-07-22,S003,267.11
2023-07-23,S001,185.21
2023-07-23,S002,161.98
2023-07-23,S003,271.24
2023-07-24,S001,191.14
2023-07-24,S002,141.79
2023-07-24,S003,253.6
2023-07-25,S001,183.41
2023-07-25,S002,135.89
2023-07-25,S003,233.4
2023-07-26,S001,179.07
2023-07-26,S002,149.88
2023-07-26,S003,243.0
2023-07-27,S001,192.7
2023-07-27,S002,138.84
2023-07-27,S003,233.39
2023-07-28,S001,188.78
2023-07-28,S002,126.62
2023-07-28,S003,254.32
2023-07-29,S001,197.1
2023-07-29,S002,149.32
2023-07-29,S003,256.49
2023-07-30,S001,191.15
2023-07-30,S002,165.66
2023-07-30,S003,259.22
2023-07-31,S001,193.15
2023-07-31,S002,132.0
2023-07-31,S003,248.24
2023-08-01,S001,191.14
2023-08-01,S002,139.3
2023-08-01,S003,266.33
2023-08-02,S001,184.91
2023-08-02,S002,142.8
2023-08-02,S003,246.14
2023-08-03,S001,200.24
2023-08-03,S002,141.31
2023-08-03,S003,241.88
2023-08-04,S001,176.66
2023-08-04,S002,155.92
2023-08-04,S003,233.64
2023-08-05,S001,187.76
2023-08-05,S002,141.64
2023-08-05,S003,270.02
2023-08-06,S001,194.18
2023-08-06,S002,142.16
2023-08-06,S003,256.67
2023-08-07,S001,184.08
2023-08-07,S002,126.21
2023-08-07,S003,256.15
2023-08-08,S001,186.13
2023-08-08,S002,132.83
2023-08-08,S003,251.5
2023-08-09,S001,181.98
2023-08-09,S002,143.71
2023-08-09,S003,238.71
2023-08-10,S001,186.45
2023-08-10,S002,126.36
2023-08-10,S003,231.03
2023-08-11,S001,173.34
2023-08-11,S002,143.22
2023-08-11,S003,244.09
2023-08-12,S001,209.62
2023-08-12,S002,149.29
2023-08-12,S003,251.74
2023-08-13,S001,197.12
2023-08-13,S002,139.82
2023-08-13,S003,256.71
2023-08-14,S001,191.42
2023-08-14,S002,119.37
2023-08-14,S003,249.52
2023-08-15,S001,184.92
2023-08-15,S002,120.84
2023-08-15,S003,227.63
2023-08-16,S001,185.53
2023-08-16,S002,127.41
2023-08-16,S003,242.7
2023-08-17,S001,186.13
2023-08-17,S002,131.05
2023-08-17,S003,246.38
2023-08-18,S001,184.84
2023-08-18,S002,142.84
2023-08-18,S003,246.49
2023-08-19,S001,201.08
2023-08-19,S002,153.13
2023-08-19,S003,243.83
2023-08-20,S001,206.25
2023-08-20,S002,139.69
2023-08-20,S003,257.8
2023-08-21,S001,181.87
2023-08-21,S002,134.33
2023-08-21,S003,248.78
2023-08-22,S001,185.64
2023-08-22,S002,143.92
2023-08-22,S003,241.6
2023-08-23,S001,178.92
2023-08-23,S002,145.35
2023-08-23,S003,237.63
2023-08-24,S001,190.83
2023-08-24,S002,127.49
2023-08-24,S003,247.37
2023-08-25,S001,173.56
2023-08-25,S002,137.31
2023-08-25,S003,232.39
2023-08-26,S001,208.03
2023-08-26,S002,155.41
2023-08-26,S003,240.4
2023-08-27,S001,192.96
2023-08-27,S002,131.87
2023-08-27,S003,250.72
2023-08-28,S001,166.49
2023-08-28,S002,124.46
2023-08-28,S003,241.29
2023-08-29,S001,178.61
2023-08-29,S002,145.95
2023-08-29,S003,245.0
2023-08-30,S001,171.79
2023-08-30,S002,125.41
2023-08-30,S003,240.61
2023-08-31,S001,183.61
2023-08-31,S002,104.01
2023-08-31,S003,242.73
2023-09-01,S001,171.3
2023-09-01,S002,126.1
2023-09-01,S003,244.08
2023-09-02,S001,187.59
2023-09-02,S002,150.68
2023-09-02,S003,247.67
2023-09-03,S001,175.69
2023-09-03,S002,141.35
2023-09-03,S003,248.87
2023-09-04,S001,171.82
2023-09-04,S002,131.64
2023-09-04,S003,245.02
2023-09-05,S001,155.68
2023-09-05,S002,133.04
2023-09-05,S003,224.7
2023-09-06,S001,162.03
2023-09-06,S002,122.31
2023-09-06,S003,237.48
2023-09-07,S001,180.42
2023-09-07,S002,120.6
2023-09-07,S003,227.97
2023-09-08,S001,180.25
2023-09-08,S002,125.59
2023-09-08,S003,242.17
2023-09-09,S001,192.0
2023-09-09,S002,140.4
2023-09-09,S003,247.88
2023-09-10,S001,180.48
2023-09-10,S002,139.01
2023-09-10,S003,247.74
2023-09-11,S001,172.46
2023-09-11,S002,123.95
2023-09-11,S003,246.17
2023-09-12,S001,172.44
2023-09-12,S002,116.8
2023-09-12,S003,223.38
2023-09-13,S001,162.83
2023-09-13,S002,128.4
2023-09-13,S003,233.37
2023-09-14,S001,183.74
2023-09-14,S002,126.79
2023-09-14,S003,229.85
2023-09-15,S001,178.36
2023-09-15,S002,110.91
2023-09-15,S003,235.21
2023-09-16,S001,184.19
2023-09-16,S002,133.08
2023-09-16,S003,261.03
2023-09-17,S001,185.79
2023-09-17,S002,136.54
2023-09-17,S003,240.41
2023-09-18,S001,171.87
2023-09-18,S002,116.12
2023-09-18,S003,
2023-09-19,S001,153.48
2023-09-19,S002,125.1
2023-09-19,S003,223.07
2023-09-20,S001,167.46
2023-09-20,S002,119.06
2023-09-20,S003,227.34
2023-09-21,S001,163.6
2023-09-21,S002,120.55
2023-09-21,S003,229.36
2023-09-22,S001,160.67
2023-09-22,S002,115.59
2023-09-22,S003,229.42
2023-09-23,S001,181.05
2023-09-23,S002,117.45
2023-09-23,S003,257.57
2023-09-24,S001,
2023-09-24,S002,116.6
2023-09-24,S003,255.8
2023-09-25,S001,172.67
2023-09-25,S002,122.32
2023-09-25,S003,237.88
2023-09-26,S001,162.59
2023-09-26,S002,119.34
2023-09-26,S003,247.22
2023-09-27,S001,171.37
2023-09-27,S002,120.32
2023-09-27,S003,233.35
2023-09-28,S001,177.61
2023-09-28,S002,117.49
2023-09-28,S003,235.28
2023-09-29,S001,173.43
2023-09-29,S002,117.73
2023-09-29,S003,232.5
2023-09-30,S001,181.14
2023-09-30,S002,138.37
2023-09-30,S003,245.85
2023-10-01,S001,175.11
2023-10-01,S002,133.79
2023-10-01,S003,243.53
2023-10-02,S001,170.5
2023-10-02,S002,123.17
2023-10-02,S003,221.86
2023-10-03,S001,167.7
2023-10-03,S002,115.82
2023-10-03,S003,214.72
2023-10-04,S001,171.34
2023-10-04,S002,111.66
2023-10-04,S003,223.32
2023-10-05,S001,168.9
2023-10-05,S002,115.23
2023-10-05,S003,228.55
2023-10-06,S001,171.85
2023-10-06,S002,106.6
2023-10-06,S003,224.27
2023-10-07,S001,173.81
2023-10-07,S002,124.87
2023-10-07,S003,229.84
2023-10-08,S001,188.27
2023-10-08,S002,128.95
2023-10-08,S003,236.7
2023-10-09,S001,163.95
2023-10-09,S002,113.47
2023-10-09,S003,220.96
2023-10-10,S001,178.62
2023-10-10,S002,110.92
2023-10-10,S003,221.88
2023-10-11,S001,156.15
2023-10-11,S002,100.3
2023-10-11,S003,225.98
2023-10-12,S001,175.2
2023-10-12,S002,116.12
2023-10-12,S003,227.38
2023-10-13,S001,162.55
2023-10-13,S002,117.34
2023-10-13,S003,217.42
2023-10-14,S001,170.41
2023-10-14,S002,138.45
2023-10-14,S003,243.95
2023-10-15,S001,171.41
2023-10-15,S002,128.47
2023-10-15,S003,244.84
2023-10-16,S001,157.38
2023-10-16,S002,109.59
2023-10-16,S003,223.04
2023-10-17,S001,163.0
2023-10-17,S002,101.12
2023-10-17,S003,225.5
2023-10-18,S001,163.46
2023-10-18,S002,120.81
2023-10-18,S003,227.75
2023-10-19,S001,154.36
2023-10-19,S002,110.51
2023-10-19,S003,210.8
2023-10-20,S001,158.43
2023-10-20,S002,109.73
2023-10-20,S003,227.72
2023-10-21,S001,190.44
2023-10-21,S002,120.81
2023-10-21,S003,227.67
2023-10-22,S001,186.81
2023-10-22,S002,119.96
2023-10-22,S003,228.16
2023-10-23,S001,161.16
2023-10-23,S002,112.68
2023-10-23,S003,219.99
2023-10-24,S001,157.67
2023-10-24,S002,98.67
2023-10-24,S003,200.99
2023-10-25,S001,158.02
2023-10-25,S002,119.52
2023-10-25,S003,219.27
2023-10-26,S001,161.67
2023-10-26,S002,117.46
2023-10-26,S003,225.45
2023-10-27,S001,148.28
2023-10-27,S002,103.05
2023-10-27,S003,204.16
2023-10-28,S001,169.11
2023-10-28,S002,113.66
2023-10-28,S003,240.78
2023-10-29,S001,157.53
2023-10-29,S002,104.14
2023-10-29,S003,226.22
2023-10-30,S001,158.79
2023-10-30,S002,94.95
2023-10-30,S003,218.21
2023-10-31,S001,160.5
2023-10-31,S002,110.5
2023-10-31,S003,211.88
2023-11-01,S001,151.18
2023-11-01,S002,106.89
2023-11-01,S003,220.65
2023-11-02,S001,167.37
2023-11-02,S002,108.03
2023-11-02,S003,224.03
2023-11-03,S001,144.71
2023-11-03,S002,89.03
2023-11-03,S003,220.77
2023-11-04,S001,157.54
2023-11-04,S002,115.35
2023-11-04,S003,230.34
2023-11-05,S001,170.8
2023-11-05,S002,129.18
2023-11-05,S003,226.34
2023-11-06,S001,162.13
2023-11-06,S002,102.21
2023-11-06,S003,214.37
2023-11-07,S001,166.99
2023-11-07,S002,92.54
2023-11-07,S003,219.96
2023-11-08,S001,149.61
2023-11-08,S002,101.57
2023-11-08,S003,220.03
2023-11-09,S001,161.68
2023-11-09,S002,96.04
2023-11-09,S003,218.71
2023-11-10,S001,152.51
2023-11-10,S002,104.63
2023-11-10,S003,203.85
2023-11-11,S001,166.22
2023-11-11,S002,116.89
2023-11-11,S003,228.74
2023-11-12,S001,174.46
2023-11-12,S002,120.83
2023-11-12,S003,223.67
2023-11-13,S001,157.4
2023-11-13,S002,91.52
2023-11-13,S003,218.88
2023-11-14,S001,139.37
2023-11-14,S002,97.45
2023-11-14,S003,207.27
2023-11-15,S001,163.59
2023-11-15,S002,109.54
2023-11-15,S003,216.84
2023-11-16,S001,162.63
2023-11-16,S002,89.78
2023-11-16,S003,210.8
2023-11-17,S001,146.4
2023-11-17,S002,92.38
2023-11-17,S003,197.87
2023-11-18,S001,169.4
2023-11-18,S002,116.8
2023-11-18,S003,235.21
2023-11-19,S001,170.01
2023-11-19,S002,117.31
2023-11-19,S003,227.42
2023-11-20,S001,152.98
2023-11-20,S002,95.92
2023-11-20,S003,222.69
2023-11-21,S001,146.33
2023-11-21,S002,97.43
2023-11-21,S003,199.03
2023-11-22,S001,145.21
2023-11-22,S002,103.75
2023-11-22,S003,209.9
2023-11-23,S001,150.23
2023-11-23,S002,106.11
2023-11-23,S003,210.39
2023-11-24,S001,219.68
2023-11-24,S002,150.6
2023-11-24,S003,
2023-11-25,S001,229.51
2023-11-25,S002,176.92
2023-11-25,S003,276.3
2023-11-26,S001,222.07
2023-11-26,S002,185.96
2023-11-26,S003,291.16
2023-11-27,S001,216.09
2023-11-27,S002,157.79
2023-11-27,S003,287.01
2023-11-28,S001,127.02
2023-11-28,S002,89.95
2023-11-28,S003,215.44
2023-11-29,S001,158.89
2023-11-29,S002,89.46
2023-11-29,S003,212.31
2023-11-30,S001,135.69
2023-11-30,S002,97.06
2023-11-30,S003,200.48
2023-12-01,S001,146.62
2023-12-01,S002,106.52
2023-12-01,S003,205.24
2023-12-02,S001,155.47
2023-12-02,S002,112.8
2023-12-02,S003,225.93
2023-12-03,S001,154.0
2023-12-03,S002,114.55
2023-12-03,S003,222.1
2023-12-04,S001,158.57
2023-12-04,S002,89.97
2023-12-04,S003,219.5
2023-12-05,S001,145.48
2023-12-05,S002,105.73
2023-12-05,S003,215.53
2023-12-06,S001,151.94
2023-12-06,S002,88.62
2023-12-06,S003,232.77
2023-12-07,S001,148.74
2023-12-07,S002,93.68
2023-12-07,S003,203.37
2023-12-08,S001,152.89
2023-12-08,S002,102.69
2023-12-08,S003,211.47
2023-12-09,S001,164.66
2023-12-09,S002,96.29
2023-12-09,S003,215.13
2023-12-10,S001,153.75
2023-12-10,S002,113.95
2023-12-10,S003,208.42
2023-12-11,S001,156.97
2023-12-11,S002,89.2
2023-12-11,S003,217.0
2023-12-12,S001,145.03
2023-12-12,S002,97.62
2023-12-12,S003,215.21
2023-12-13,S001,136.53
2023-12-13,S002,94.64
2023-12-13,S003,204.42
2023-12-14,S001,145.56
2023-12-14,S002,114.29
2023-12-14,S003,212.03
2023-12-15,S001,161.0
2023-12-15,S002,94.29
2023-12-15,S003,206.3
2023-12-16,S001,170.81
2023-12-16,S002,127.17
2023-12-16,S003,222.42
2023-12-17,S001,161.24
2023-12-17,S002,117.13
2023-12-17,S003,223.87
2023-12-18,S001,146.27
2023-12-18,S002,91.03
2023-12-18,S003,204.32
2023-12-19,S001,146.53
2023-12-19,S002,100.11
2023-12-19,S003,205.83
2023-12-20,S001,205.76
2023-12-20,S002,135.05
2023-12-20,S003,246.13
2023-12-21,S001,192.26
2023-12-21,S002,139.46
2023-12-21,S003,255.11
2023-12-22,S001,192.71
2023-12-22,S002,131.85
2023-12-22,S003,229.62
2023-12-23,S001,212.58
2023-12-23,S002,166.14
2023-12-23,S003,265.09
2023-12-24,S001,166.32
2023-12-24,S002,120.07
2023-12-24,S003,218.32
2023-12-25,S001,147.42
2023-12-25,S002,97.99
2023-12-25,S003,203.72
2023-12-26,S001,148.02
2023-12-26,S002,111.64
2023-12-26,S003,208.05
2023-12-27,S001,149.11
2023-12-27,S002,98.48
2023-12-27,S003,212.27
2023-12-28,S001,149.49
2023-12-28,S002,106.75
2023-12-28,S003,210.8
2023-12-29,S001,155.72
2023-12-29,S002,98.37
2023-12-29,S003,204.15
2023-12-30,S001,165.44
2023-12-30,S002,116.31
2023-12-30,S003,233.59
2023-12-31,S001,171.01
2023-12-31,S002,112.62
2023-12-31,S003,220.75
